0, 0, Header, 1, 10, 384
1, 0, Start_track
1, 0, Time_signature, 3, 3, 96, 8
1, 0, Sequencer_specific, 03, 00, 00, 41
1, 0, Sequencer_specific, 05, 00, 00, 77, 0E, 00
1, 0, Tempo, 1200000
1, 4, Tempo, 1188118
1, 8, Tempo, 1176470
1, 14, Tempo, 1165048
1, 18, Tempo, 1153846
1, 24, Tempo, 1142857
1, 28, Tempo, 1132075
1, 32, Tempo, 1121495
1, 38, Tempo, 1111111
1, 42, Tempo, 1100917
1, 48, Tempo, 1090909
1, 52, Tempo, 1081081
1, 56, Tempo, 1071428
1, 62, Tempo, 1061946
1, 66, Tempo, 1052631
1, 72, Tempo, 1043478
1, 76, Tempo, 1034482
1, 80, Tempo, 1025641
1, 86, Tempo, 1016949
1, 90, Tempo, 1008403
1, 96, Tempo, 1000000
1, 100, Tempo, 991735
1, 104, Tempo, 983606
1, 110, Tempo, 975609
1, 114, Tempo, 967741
1, 120, Tempo, 960000
1, 124, Tempo, 952380
1, 128, Tempo, 944881
1, 134, Tempo, 937500
1, 138, Tempo, 930232
1, 144, Tempo, 923076
1, 148, Tempo, 916030
1, 152, Tempo, 909090
1, 158, Tempo, 902255
1, 162, Tempo, 895522
1, 168, Tempo, 888888
1, 172, Tempo, 882352
1, 176, Tempo, 875912
1, 182, Tempo, 869565
1, 186, Tempo, 863309
1, 192, Tempo, 857142
1, 1728, Tempo, 1000000
1, 1732, Tempo, 991735
1, 1736, Tempo, 983606
1, 1742, Tempo, 975609
1, 1746, Tempo, 967741
1, 1752, Tempo, 960000
1, 1756, Tempo, 952380
1, 1760, Tempo, 944881
1, 1766, Tempo, 937500
1, 1770, Tempo, 930232
1, 1776, Tempo, 923076
1, 1780, Tempo, 916030
1, 1784, Tempo, 909090
1, 1790, Tempo, 902255
1, 1794, Tempo, 895522
1, 1800, Tempo, 888888
1, 1804, Tempo, 882352
1, 1808, Tempo, 875912
1, 1814, Tempo, 869565
1, 1818, Tempo, 863309
1, 1824, Tempo, 857142
1, 2112, Tempo, 857142
1, 2130, Tempo, 869565
1, 2150, Tempo, 869565
1, 2168, Tempo, 882352
1, 2188, Tempo, 882352
1, 2208, Tempo, 895522
1, 2226, Tempo, 895522
1, 2246, Tempo, 909090
1, 2264, Tempo, 909090
1, 2284, Tempo, 923076
1, 2304, Tempo, 1090909
1, 2306, Tempo, 1081081
1, 2310, Tempo, 1071428
1, 2312, Tempo, 1061946
1, 2316, Tempo, 1052631
1, 2320, Tempo, 1043478
1, 2322, Tempo, 1034482
1, 2326, Tempo, 1025641
1, 2328, Tempo, 1016949
1, 2332, Tempo, 1008403
1, 2336, Tempo, 1000000
1, 2338, Tempo, 991735
1, 2342, Tempo, 983606
1, 2344, Tempo, 975609
1, 2348, Tempo, 967741
1, 2352, Tempo, 960000
1, 2354, Tempo, 952380
1, 2358, Tempo, 944881
1, 2360, Tempo, 937500
1, 2364, Tempo, 930232
1, 2368, Tempo, 923076
1, 2370, Tempo, 916030
1, 2374, Tempo, 909090
1, 2376, Tempo, 902255
1, 2380, Tempo, 895522
1, 2384, Tempo, 888888
1, 2386, Tempo, 882352
1, 2390, Tempo, 875912
1, 2392, Tempo, 869565
1, 2396, Tempo, 863309
1, 2400, Tempo, 857142
1, 4032, Tempo, 1000000
1, 4036, Tempo, 1000000
1, 4040, Tempo, 983606
1, 4046, Tempo, 983606
1, 4050, Tempo, 967741
1, 4056, Tempo, 967741
1, 4060, Tempo, 952380
1, 4064, Tempo, 952380
1, 4070, Tempo, 937500
1, 4074, Tempo, 937500
1, 4080, Tempo, 923076
1, 4084, Tempo, 923076
1, 4088, Tempo, 909090
1, 4094, Tempo, 909090
1, 4098, Tempo, 895522
1, 4104, Tempo, 895522
1, 4108, Tempo, 882352
1, 4112, Tempo, 882352
1, 4118, Tempo, 869565
1, 4122, Tempo, 869565
1, 4128, Tempo, 857142
1, 4608, Tempo, 1090909
1, 4610, Tempo, 1081081
1, 4614, Tempo, 1071428
1, 4616, Tempo, 1061946
1, 4620, Tempo, 1052631
1, 4624, Tempo, 1043478
1, 4626, Tempo, 1034482
1, 4630, Tempo, 1025641
1, 4632, Tempo, 1016949
1, 4636, Tempo, 1008403
1, 4640, Tempo, 1000000
1, 4642, Tempo, 991735
1, 4646, Tempo, 983606
1, 4648, Tempo, 975609
1, 4652, Tempo, 967741
1, 4656, Tempo, 960000
1, 4658, Tempo, 952380
1, 4662, Tempo, 944881
1, 4664, Tempo, 937500
1, 4668, Tempo, 930232
1, 4672, Tempo, 923076
1, 4674, Tempo, 916030
1, 4678, Tempo, 909090
1, 4680, Tempo, 902255
1, 4684, Tempo, 895522
1, 4688, Tempo, 888888
1, 4690, Tempo, 882352
1, 4694, Tempo, 875912
1, 4696, Tempo, 869565
1, 4700, Tempo, 863309
1, 4704, Tempo, 857142
1, 6912, Tempo, 1000000
1, 6916, Tempo, 991735
1, 6920, Tempo, 983606
1, 6926, Tempo, 975609
1, 6930, Tempo, 967741
1, 6936, Tempo, 960000
1, 6940, Tempo, 952380
1, 6944, Tempo, 944881
1, 6950, Tempo, 937500
1, 6954, Tempo, 930232
1, 6960, Tempo, 923076
1, 6964, Tempo, 916030
1, 6968, Tempo, 909090
1, 6974, Tempo, 902255
1, 6978, Tempo, 895522
1, 6984, Tempo, 888888
1, 6988, Tempo, 882352
1, 6992, Tempo, 875912
1, 6998, Tempo, 869565
1, 7002, Tempo, 863309
1, 7008, Tempo, 857142
1, 8064, Tempo, 1090909
1, 8066, Tempo, 1081081
1, 8070, Tempo, 1071428
1, 8072, Tempo, 1061946
1, 8076, Tempo, 1052631
1, 8080, Tempo, 1043478
1, 8082, Tempo, 1034482
1, 8086, Tempo, 1025641
1, 8088, Tempo, 1016949
1, 8092, Tempo, 1008403
1, 8096, Tempo, 1000000
1, 8098, Tempo, 991735
1, 8102, Tempo, 983606
1, 8104, Tempo, 975609
1, 8108, Tempo, 967741
1, 8112, Tempo, 960000
1, 8114, Tempo, 952380
1, 8118, Tempo, 944881
1, 8120, Tempo, 937500
1, 8124, Tempo, 930232
1, 8128, Tempo, 923076
1, 8130, Tempo, 916030
1, 8134, Tempo, 909090
1, 8136, Tempo, 902255
1, 8140, Tempo, 895522
1, 8144, Tempo, 888888
1, 8146, Tempo, 882352
1, 8150, Tempo, 875912
1, 8152, Tempo, 869565
1, 8156, Tempo, 863309
1, 8160, Tempo, 857142
1, 8640, Tempo, 1090909
1, 8644, Tempo, 1081081
1, 8648, Tempo, 1071428
1, 8654, Tempo, 1061946
1, 8658, Tempo, 1052631
1, 8664, Tempo, 1043478
1, 8668, Tempo, 1034482
1, 8672, Tempo, 1025641
1, 8678, Tempo, 1016949
1, 8682, Tempo, 1008403
1, 8688, Tempo, 1000000
1, 8692, Tempo, 991735
1, 8696, Tempo, 983606
1, 8702, Tempo, 975609
1, 8706, Tempo, 967741
1, 8712, Tempo, 960000
1, 8716, Tempo, 952380
1, 8720, Tempo, 944881
1, 8726, Tempo, 937500
1, 8730, Tempo, 930232
1, 8736, Tempo, 923076
1, 9024, Tempo, 857142
1, 9032, Tempo, 869565
1, 9042, Tempo, 869565
1, 9052, Tempo, 882352
1, 9062, Tempo, 882352
1, 9072, Tempo, 895522
1, 9080, Tempo, 895522
1, 9090, Tempo, 909090
1, 9100, Tempo, 909090
1, 9110, Tempo, 923076
1, 9120, Tempo, 1200000
1, 9122, Tempo, 1188118
1, 9124, Tempo, 1176470
1, 9126, Tempo, 1165048
1, 9128, Tempo, 1153846
1, 9132, Tempo, 1142857
1, 9134, Tempo, 1132075
1, 9136, Tempo, 1121495
1, 9138, Tempo, 1111111
1, 9140, Tempo, 1100917
1, 9144, Tempo, 1090909
1, 9146, Tempo, 1081081
1, 9148, Tempo, 1071428
1, 9150, Tempo, 1061946
1, 9152, Tempo, 1052631
1, 9156, Tempo, 1043478
1, 9158, Tempo, 1034482
1, 9160, Tempo, 1025641
1, 9162, Tempo, 1016949
1, 9164, Tempo, 1008403
1, 9168, Tempo, 1000000
1, 9170, Tempo, 991735
1, 9172, Tempo, 983606
1, 9174, Tempo, 975609
1, 9176, Tempo, 967741
1, 9180, Tempo, 960000
1, 9182, Tempo, 952380
1, 9184, Tempo, 944881
1, 9186, Tempo, 937500
1, 9188, Tempo, 930232
1, 9192, Tempo, 923076
1, 9194, Tempo, 916030
1, 9196, Tempo, 909090
1, 9198, Tempo, 902255
1, 9200, Tempo, 895522
1, 9204, Tempo, 888888
1, 9206, Tempo, 882352
1, 9208, Tempo, 875912
1, 9210, Tempo, 869565
1, 9212, Tempo, 863309
1, 9216, Tempo, 857142
1, 9222, Tempo, 1081081
1, 9228, Tempo, 1071428
1, 9234, Tempo, 1061946
1, 9240, Tempo, 1052631
1, 9248, Tempo, 1043478
1, 9254, Tempo, 1034482
1, 9260, Tempo, 1025641
1, 9266, Tempo, 1016949
1, 9272, Tempo, 1008403
1, 9280, Tempo, 1000000
1, 9286, Tempo, 991735
1, 9292, Tempo, 983606
1, 9298, Tempo, 975609
1, 9304, Tempo, 967741
1, 9312, Tempo, 960000
1, 9318, Tempo, 952380
1, 9324, Tempo, 944881
1, 9330, Tempo, 937500
1, 9336, Tempo, 930232
1, 9344, Tempo, 923076
1, 9350, Tempo, 916030
1, 9356, Tempo, 909090
1, 9362, Tempo, 902255
1, 9368, Tempo, 895522
1, 9376, Tempo, 888888
1, 9382, Tempo, 882352
1, 9388, Tempo, 875912
1, 9394, Tempo, 869565
1, 9400, Tempo, 863309
1, 9408, Tempo, 857142
1, 11328, Tempo, 857142
1, 11346, Tempo, 869565
1, 11366, Tempo, 869565
1, 11384, Tempo, 882352
1, 11404, Tempo, 882352
1, 11424, Tempo, 895522
1, 11442, Tempo, 895522
1, 11462, Tempo, 909090
1, 11480, Tempo, 909090
1, 11500, Tempo, 923076
1, 11520, Tempo, 1090909
1, 11522, Tempo, 1081081
1, 11526, Tempo, 1071428
1, 11528, Tempo, 1061946
1, 11532, Tempo, 1052631
1, 11536, Tempo, 1043478
1, 11538, Tempo, 1034482
1, 11542, Tempo, 1025641
1, 11544, Tempo, 1016949
1, 11548, Tempo, 1008403
1, 11552, Tempo, 1000000
1, 11554, Tempo, 991735
1, 11558, Tempo, 983606
1, 11560, Tempo, 975609
1, 11564, Tempo, 967741
1, 11568, Tempo, 960000
1, 11570, Tempo, 952380
1, 11574, Tempo, 944881
1, 11576, Tempo, 937500
1, 11580, Tempo, 930232
1, 11584, Tempo, 923076
1, 11586, Tempo, 916030
1, 11590, Tempo, 909090
1, 11592, Tempo, 902255
1, 11596, Tempo, 895522
1, 11600, Tempo, 888888
1, 11602, Tempo, 882352
1, 11606, Tempo, 875912
1, 11608, Tempo, 869565
1, 11612, Tempo, 863309
1, 11616, Tempo, 857142
1, 13248, Tempo, 1043478
1, 13250, Tempo, 1034482
1, 13254, Tempo, 1025641
1, 13258, Tempo, 1016949
1, 13262, Tempo, 1008403
1, 13266, Tempo, 1000000
1, 13270, Tempo, 991735
1, 13274, Tempo, 983606
1, 13278, Tempo, 975609
1, 13282, Tempo, 967741
1, 13286, Tempo, 960000
1, 13290, Tempo, 952380
1, 13294, Tempo, 944881
1, 13296, Tempo, 937500
1, 13300, Tempo, 930232
1, 13304, Tempo, 923076
1, 13308, Tempo, 916030
1, 13312, Tempo, 909090
1, 13316, Tempo, 902255
1, 13320, Tempo, 895522
1, 13324, Tempo, 888888
1, 13328, Tempo, 882352
1, 13332, Tempo, 875912
1, 13336, Tempo, 869565
1, 13340, Tempo, 863309
1, 13344, Tempo, 857142
1, 13632, Tempo, 857142
1, 13640, Tempo, 863309
1, 13650, Tempo, 869565
1, 13660, Tempo, 875912
1, 13670, Tempo, 882352
1, 13680, Tempo, 888888
1, 13688, Tempo, 895522
1, 13698, Tempo, 902255
1, 13708, Tempo, 909090
1, 13718, Tempo, 916030
1, 13728, Tempo, 923076
1, 13736, Tempo, 930232
1, 13746, Tempo, 937500
1, 13756, Tempo, 944881
1, 13766, Tempo, 952380
1, 13776, Tempo, 960000
1, 13784, Tempo, 967741
1, 13794, Tempo, 975609
1, 13804, Tempo, 983606
1, 13814, Tempo, 991735
1, 13824, Tempo, 1090909
1, 13826, Tempo, 1081081
1, 13830, Tempo, 1071428
1, 13832, Tempo, 1061946
1, 13836, Tempo, 1052631
1, 13840, Tempo, 1043478
1, 13842, Tempo, 1034482
1, 13846, Tempo, 1025641
1, 13848, Tempo, 1016949
1, 13852, Tempo, 1008403
1, 13856, Tempo, 1000000
1, 13858, Tempo, 991735
1, 13862, Tempo, 983606
1, 13864, Tempo, 975609
1, 13868, Tempo, 967741
1, 13872, Tempo, 960000
1, 13874, Tempo, 952380
1, 13878, Tempo, 944881
1, 13880, Tempo, 937500
1, 13884, Tempo, 930232
1, 13888, Tempo, 923076
1, 13890, Tempo, 916030
1, 13894, Tempo, 909090
1, 13896, Tempo, 902255
1, 13900, Tempo, 895522
1, 13904, Tempo, 888888
1, 13906, Tempo, 882352
1, 13910, Tempo, 875912
1, 13912, Tempo, 869565
1, 13916, Tempo, 863309
1, 13920, Tempo, 857142
1, 16128, Tempo, 1000000
1, 16132, Tempo, 991735
1, 16136, Tempo, 983606
1, 16142, Tempo, 975609
1, 16146, Tempo, 967741
1, 16152, Tempo, 960000
1, 16156, Tempo, 952380
1, 16160, Tempo, 944881
1, 16166, Tempo, 937500
1, 16170, Tempo, 930232
1, 16176, Tempo, 923076
1, 16180, Tempo, 916030
1, 16184, Tempo, 909090
1, 16190, Tempo, 902255
1, 16194, Tempo, 895522
1, 16200, Tempo, 888888
1, 16204, Tempo, 882352
1, 16208, Tempo, 875912
1, 16214, Tempo, 869565
1, 16218, Tempo, 863309
1, 16224, Tempo, 857142
1, 16704, Tempo, 923076
1, 16712, Tempo, 916030
1, 16722, Tempo, 909090
1, 16732, Tempo, 902255
1, 16742, Tempo, 895522
1, 16752, Tempo, 888888
1, 16760, Tempo, 882352
1, 16770, Tempo, 875912
1, 16780, Tempo, 869565
1, 16790, Tempo, 863309
1, 16800, Tempo, 857142
1, 17280, Tempo, 1090909
1, 17282, Tempo, 1081081
1, 17286, Tempo, 1071428
1, 17288, Tempo, 1061946
1, 17292, Tempo, 1052631
1, 17296, Tempo, 1043478
1, 17298, Tempo, 1034482
1, 17302, Tempo, 1025641
1, 17304, Tempo, 1016949
1, 17308, Tempo, 1008403
1, 17312, Tempo, 1000000
1, 17314, Tempo, 991735
1, 17318, Tempo, 983606
1, 17320, Tempo, 975609
1, 17324, Tempo, 967741
1, 17328, Tempo, 960000
1, 17330, Tempo, 952380
1, 17334, Tempo, 944881
1, 17336, Tempo, 937500
1, 17340, Tempo, 930232
1, 17344, Tempo, 923076
1, 17346, Tempo, 916030
1, 17350, Tempo, 909090
1, 17352, Tempo, 902255
1, 17356, Tempo, 895522
1, 17360, Tempo, 888888
1, 17362, Tempo, 882352
1, 17366, Tempo, 875912
1, 17368, Tempo, 869565
1, 17372, Tempo, 863309
1, 17376, Tempo, 857142
1, 17856, Tempo, 1200000
1, 17858, Tempo, 1188118
1, 17862, Tempo, 1176470
1, 17864, Tempo, 1165048
1, 17868, Tempo, 1153846
1, 17872, Tempo, 1142857
1, 17874, Tempo, 1132075
1, 17878, Tempo, 1121495
1, 17880, Tempo, 1111111
1, 17884, Tempo, 1100917
1, 17888, Tempo, 1090909
1, 17890, Tempo, 1081081
1, 17894, Tempo, 1071428
1, 17896, Tempo, 1061946
1, 17900, Tempo, 1052631
1, 17904, Tempo, 1043478
1, 17906, Tempo, 1034482
1, 17910, Tempo, 1025641
1, 17912, Tempo, 1016949
1, 17916, Tempo, 1008403
1, 17920, Tempo, 1000000
1, 17922, Tempo, 991735
1, 17926, Tempo, 983606
1, 17928, Tempo, 975609
1, 17932, Tempo, 967741
1, 17936, Tempo, 960000
1, 17938, Tempo, 952380
1, 17942, Tempo, 944881
1, 17944, Tempo, 937500
1, 17948, Tempo, 930232
1, 17952, Tempo, 923076
1, 18048, Tempo, 857142
1, 18060, Tempo, 869565
1, 18072, Tempo, 869565
1, 18086, Tempo, 882352
1, 18098, Tempo, 882352
1, 18112, Tempo, 895522
1, 18124, Tempo, 895522
1, 18136, Tempo, 909090
1, 18144, Tempo, 923076
1, 18158, Tempo, 930232
1, 18172, Tempo, 937500
1, 18186, Tempo, 944881
1, 18200, Tempo, 952380
1, 18216, Tempo, 960000
1, 18230, Tempo, 967741
1, 18244, Tempo, 975609
1, 18258, Tempo, 983606
1, 18272, Tempo, 991735
1, 18288, Tempo, 1000000
1, 18302, Tempo, 1008403
1, 18316, Tempo, 1016949
1, 18330, Tempo, 1025641
1, 18336, Tempo, 2000000
1, 18338, Tempo, 1967213
1, 18342, Tempo, 1935483
1, 18344, Tempo, 1904761
1, 18348, Tempo, 1875000
1, 18352, Tempo, 1846153
1, 18354, Tempo, 1818181
1, 18358, Tempo, 1791044
1, 18360, Tempo, 1764705
1, 18364, Tempo, 1739130
1, 18368, Tempo, 1714285
1, 18370, Tempo, 1690140
1, 18374, Tempo, 1666666
1, 18376, Tempo, 1643835
1, 18380, Tempo, 1621621
1, 18384, Tempo, 1600000
1, 18386, Tempo, 1578947
1, 18390, Tempo, 1558441
1, 18392, Tempo, 1538461
1, 18396, Tempo, 1518987
1, 18400, Tempo, 1500000
1, 18402, Tempo, 1481481
1, 18406, Tempo, 1463414
1, 18408, Tempo, 1445783
1, 18412, Tempo, 1428571
1, 18416, Tempo, 1411764
1, 18418, Tempo, 1395348
1, 18422, Tempo, 1379310
1, 18424, Tempo, 1363636
1, 18428, Tempo, 1348314
1, 18432, Tempo, 1333333
1, 18436, Tempo, 1188118
1, 18440, Tempo, 1176470
1, 18446, Tempo, 1165048
1, 18450, Tempo, 1153846
1, 18456, Tempo, 1142857
1, 18460, Tempo, 1132075
1, 18464, Tempo, 1121495
1, 18470, Tempo, 1111111
1, 18474, Tempo, 1100917
1, 18480, Tempo, 1090909
1, 18484, Tempo, 1081081
1, 18488, Tempo, 1071428
1, 18494, Tempo, 1061946
1, 18498, Tempo, 1052631
1, 18504, Tempo, 1043478
1, 18508, Tempo, 1034482
1, 18512, Tempo, 1025641
1, 18518, Tempo, 1016949
1, 18522, Tempo, 1008403
1, 18528, Tempo, 1000000
1, 18532, Tempo, 991735
1, 18536, Tempo, 983606
1, 18542, Tempo, 975609
1, 18546, Tempo, 967741
1, 18552, Tempo, 960000
1, 18556, Tempo, 952380
1, 18560, Tempo, 944881
1, 18566, Tempo, 937500
1, 18570, Tempo, 930232
1, 18576, Tempo, 923076
1, 18580, Tempo, 916030
1, 18584, Tempo, 909090
1, 18590, Tempo, 902255
1, 18594, Tempo, 895522
1, 18600, Tempo, 888888
1, 18604, Tempo, 882352
1, 18608, Tempo, 875912
1, 18614, Tempo, 869565
1, 18618, Tempo, 863309
1, 18624, Tempo, 857142
1, 20736, Tempo, 1090909
1, 20738, Tempo, 1081081
1, 20742, Tempo, 1071428
1, 20744, Tempo, 1061946
1, 20748, Tempo, 1052631
1, 20752, Tempo, 1043478
1, 20754, Tempo, 1034482
1, 20758, Tempo, 1025641
1, 20760, Tempo, 1016949
1, 20764, Tempo, 1008403
1, 20768, Tempo, 1000000
1, 20770, Tempo, 991735
1, 20774, Tempo, 983606
1, 20776, Tempo, 975609
1, 20780, Tempo, 967741
1, 20784, Tempo, 960000
1, 20786, Tempo, 952380
1, 20790, Tempo, 944881
1, 20792, Tempo, 937500
1, 20796, Tempo, 930232
1, 20800, Tempo, 923076
1, 20802, Tempo, 916030
1, 20806, Tempo, 909090
1, 20808, Tempo, 902255
1, 20812, Tempo, 895522
1, 20816, Tempo, 888888
1, 20818, Tempo, 882352
1, 20822, Tempo, 875912
1, 20824, Tempo, 869565
1, 20828, Tempo, 863309
1, 20832, Tempo, 857142
1, 21888, Tempo, 1000000
1, 21892, Tempo, 991735
1, 21896, Tempo, 983606
1, 21902, Tempo, 975609
1, 21906, Tempo, 967741
1, 21912, Tempo, 960000
1, 21916, Tempo, 952380
1, 21920, Tempo, 944881
1, 21926, Tempo, 937500
1, 21930, Tempo, 930232
1, 21936, Tempo, 923076
1, 21940, Tempo, 916030
1, 21944, Tempo, 909090
1, 21950, Tempo, 902255
1, 21954, Tempo, 895522
1, 21960, Tempo, 888888
1, 21964, Tempo, 882352
1, 21968, Tempo, 875912
1, 21974, Tempo, 869565
1, 21978, Tempo, 863309
1, 21984, Tempo, 857142
1, 22464, Tempo, 1000000
1, 22468, Tempo, 991735
1, 22472, Tempo, 983606
1, 22478, Tempo, 975609
1, 22482, Tempo, 967741
1, 22488, Tempo, 960000
1, 22492, Tempo, 952380
1, 22496, Tempo, 944881
1, 22502, Tempo, 937500
1, 22506, Tempo, 930232
1, 22512, Tempo, 923076
1, 22516, Tempo, 916030
1, 22520, Tempo, 909090
1, 22526, Tempo, 902255
1, 22530, Tempo, 895522
1, 22536, Tempo, 888888
1, 22540, Tempo, 882352
1, 22544, Tempo, 875912
1, 22550, Tempo, 869565
1, 22554, Tempo, 863309
1, 22560, Tempo, 857142
1, 22848, Tempo, 857142
1, 22866, Tempo, 869565
1, 22886, Tempo, 869565
1, 22904, Tempo, 882352
1, 22924, Tempo, 882352
1, 22944, Tempo, 895522
1, 22962, Tempo, 895522
1, 22982, Tempo, 909090
1, 23000, Tempo, 909090
1, 23020, Tempo, 923076
1, 23040, Tempo, 1090909
1, 23042, Tempo, 1081081
1, 23046, Tempo, 1071428
1, 23048, Tempo, 1061946
1, 23052, Tempo, 1052631
1, 23056, Tempo, 1043478
1, 23058, Tempo, 1034482
1, 23062, Tempo, 1025641
1, 23064, Tempo, 1016949
1, 23068, Tempo, 1008403
1, 23072, Tempo, 1000000
1, 23074, Tempo, 991735
1, 23078, Tempo, 983606
1, 23080, Tempo, 975609
1, 23084, Tempo, 967741
1, 23088, Tempo, 960000
1, 23090, Tempo, 952380
1, 23094, Tempo, 944881
1, 23096, Tempo, 937500
1, 23100, Tempo, 930232
1, 23104, Tempo, 923076
1, 23106, Tempo, 916030
1, 23110, Tempo, 909090
1, 23112, Tempo, 902255
1, 23116, Tempo, 895522
1, 23120, Tempo, 888888
1, 23122, Tempo, 882352
1, 23126, Tempo, 875912
1, 23128, Tempo, 869565
1, 23132, Tempo, 863309
1, 23136, Tempo, 857142
1, 24768, Tempo, 1000000
1, 24772, Tempo, 991735
1, 24776, Tempo, 983606
1, 24782, Tempo, 975609
1, 24786, Tempo, 967741
1, 24792, Tempo, 960000
1, 24796, Tempo, 952380
1, 24800, Tempo, 944881
1, 24806, Tempo, 937500
1, 24810, Tempo, 930232
1, 24816, Tempo, 923076
1, 24820, Tempo, 916030
1, 24824, Tempo, 909090
1, 24830, Tempo, 902255
1, 24834, Tempo, 895522
1, 24840, Tempo, 888888
1, 24844, Tempo, 882352
1, 24848, Tempo, 875912
1, 24854, Tempo, 869565
1, 24858, Tempo, 863309
1, 24864, Tempo, 857142
1, 25152, Tempo, 857142
1, 25160, Tempo, 863309
1, 25170, Tempo, 869565
1, 25180, Tempo, 875912
1, 25190, Tempo, 882352
1, 25200, Tempo, 888888
1, 25208, Tempo, 895522
1, 25218, Tempo, 902255
1, 25228, Tempo, 909090
1, 25238, Tempo, 916030
1, 25248, Tempo, 923076
1, 25256, Tempo, 930232
1, 25266, Tempo, 937500
1, 25276, Tempo, 944881
1, 25286, Tempo, 952380
1, 25296, Tempo, 960000
1, 25304, Tempo, 967741
1, 25314, Tempo, 975609
1, 25324, Tempo, 983606
1, 25334, Tempo, 991735
1, 25344, Tempo, 1090909
1, 25346, Tempo, 1081081
1, 25350, Tempo, 1071428
1, 25352, Tempo, 1061946
1, 25356, Tempo, 1052631
1, 25360, Tempo, 1043478
1, 25362, Tempo, 1034482
1, 25366, Tempo, 1025641
1, 25368, Tempo, 1016949
1, 25372, Tempo, 1008403
1, 25376, Tempo, 1000000
1, 25378, Tempo, 991735
1, 25382, Tempo, 983606
1, 25384, Tempo, 975609
1, 25388, Tempo, 967741
1, 25392, Tempo, 960000
1, 25394, Tempo, 952380
1, 25398, Tempo, 944881
1, 25400, Tempo, 937500
1, 25404, Tempo, 930232
1, 25408, Tempo, 923076
1, 25410, Tempo, 916030
1, 25414, Tempo, 909090
1, 25416, Tempo, 902255
1, 25420, Tempo, 895522
1, 25424, Tempo, 888888
1, 25426, Tempo, 882352
1, 25430, Tempo, 875912
1, 25432, Tempo, 869565
1, 25436, Tempo, 863309
1, 25440, Tempo, 857142
1, 26496, Tempo, 1000000
1, 26500, Tempo, 991735
1, 26504, Tempo, 983606
1, 26510, Tempo, 975609
1, 26514, Tempo, 967741
1, 26520, Tempo, 960000
1, 26524, Tempo, 952380
1, 26528, Tempo, 944881
1, 26534, Tempo, 937500
1, 26538, Tempo, 930232
1, 26544, Tempo, 923076
1, 26548, Tempo, 916030
1, 26552, Tempo, 909090
1, 26558, Tempo, 902255
1, 26562, Tempo, 895522
1, 26568, Tempo, 888888
1, 26572, Tempo, 882352
1, 26576, Tempo, 875912
1, 26582, Tempo, 869565
1, 26586, Tempo, 863309
1, 26592, Tempo, 857142
1, 27072, Tempo, 1090909
1, 27074, Tempo, 1081081
1, 27078, Tempo, 1071428
1, 27082, Tempo, 1061946
1, 27086, Tempo, 1052631
1, 27090, Tempo, 1043478
1, 27094, Tempo, 1034482
1, 27098, Tempo, 1025641
1, 27102, Tempo, 1016949
1, 27106, Tempo, 1008403
1, 27110, Tempo, 1000000
1, 27114, Tempo, 991735
1, 27118, Tempo, 983606
1, 27120, Tempo, 975609
1, 27124, Tempo, 967741
1, 27128, Tempo, 960000
1, 27132, Tempo, 952380
1, 27136, Tempo, 944881
1, 27140, Tempo, 937500
1, 27144, Tempo, 930232
1, 27148, Tempo, 923076
1, 27152, Tempo, 916030
1, 27156, Tempo, 909090
1, 27160, Tempo, 902255
1, 27164, Tempo, 895522
1, 27168, Tempo, 888888
1, 27456, Tempo, 857142
1, 27464, Tempo, 869565
1, 27474, Tempo, 869565
1, 27484, Tempo, 882352
1, 27494, Tempo, 882352
1, 27504, Tempo, 895522
1, 27512, Tempo, 895522
1, 27522, Tempo, 909090
1, 27532, Tempo, 909090
1, 27542, Tempo, 923076
1, 27552, Tempo, 1200000
1, 27554, Tempo, 1188118
1, 27556, Tempo, 1176470
1, 27558, Tempo, 1165048
1, 27560, Tempo, 1153846
1, 27564, Tempo, 1142857
1, 27566, Tempo, 1132075
1, 27568, Tempo, 1121495
1, 27570, Tempo, 1111111
1, 27572, Tempo, 1100917
1, 27576, Tempo, 1090909
1, 27578, Tempo, 1081081
1, 27580, Tempo, 1071428
1, 27582, Tempo, 1061946
1, 27584, Tempo, 1052631
1, 27588, Tempo, 1043478
1, 27590, Tempo, 1034482
1, 27592, Tempo, 1025641
1, 27594, Tempo, 1016949
1, 27596, Tempo, 1008403
1, 27600, Tempo, 1000000
1, 27602, Tempo, 991735
1, 27604, Tempo, 983606
1, 27606, Tempo, 975609
1, 27608, Tempo, 967741
1, 27612, Tempo, 960000
1, 27614, Tempo, 952380
1, 27616, Tempo, 944881
1, 27618, Tempo, 937500
1, 27620, Tempo, 930232
1, 27624, Tempo, 923076
1, 27626, Tempo, 916030
1, 27628, Tempo, 909090
1, 27630, Tempo, 902255
1, 27632, Tempo, 895522
1, 27636, Tempo, 888888
1, 27638, Tempo, 882352
1, 27640, Tempo, 875912
1, 27642, Tempo, 869565
1, 27644, Tempo, 863309
1, 27648, Tempo, 1090909
1, 27654, Tempo, 1081081
1, 27660, Tempo, 1071428
1, 27666, Tempo, 1061946
1, 27672, Tempo, 1052631
1, 27680, Tempo, 1043478
1, 27686, Tempo, 1034482
1, 27692, Tempo, 1025641
1, 27698, Tempo, 1016949
1, 27704, Tempo, 1008403
1, 27712, Tempo, 1000000
1, 27718, Tempo, 991735
1, 27724, Tempo, 983606
1, 27730, Tempo, 975609
1, 27736, Tempo, 967741
1, 27744, Tempo, 960000
1, 27750, Tempo, 952380
1, 27756, Tempo, 944881
1, 27762, Tempo, 937500
1, 27768, Tempo, 930232
1, 27776, Tempo, 923076
1, 27782, Tempo, 916030
1, 27788, Tempo, 909090
1, 27794, Tempo, 902255
1, 27800, Tempo, 895522
1, 27808, Tempo, 888888
1, 27814, Tempo, 882352
1, 27820, Tempo, 875912
1, 27826, Tempo, 869565
1, 27832, Tempo, 863309
1, 27840, Tempo, 857142
1, 29760, Tempo, 857142
1, 29778, Tempo, 869565
1, 29798, Tempo, 869565
1, 29816, Tempo, 882352
1, 29836, Tempo, 882352
1, 29856, Tempo, 895522
1, 29874, Tempo, 895522
1, 29894, Tempo, 909090
1, 29912, Tempo, 909090
1, 29932, Tempo, 923076
1, 29952, Tempo, 1090909
1, 29954, Tempo, 1081081
1, 29958, Tempo, 1071428
1, 29960, Tempo, 1061946
1, 29964, Tempo, 1052631
1, 29968, Tempo, 1043478
1, 29970, Tempo, 1034482
1, 29974, Tempo, 1025641
1, 29976, Tempo, 1016949
1, 29980, Tempo, 1008403
1, 29984, Tempo, 1000000
1, 29986, Tempo, 991735
1, 29990, Tempo, 983606
1, 29992, Tempo, 975609
1, 29996, Tempo, 967741
1, 30000, Tempo, 960000
1, 30002, Tempo, 952380
1, 30006, Tempo, 944881
1, 30008, Tempo, 937500
1, 30012, Tempo, 930232
1, 30016, Tempo, 923076
1, 30018, Tempo, 916030
1, 30022, Tempo, 909090
1, 30024, Tempo, 902255
1, 30028, Tempo, 895522
1, 30032, Tempo, 888888
1, 30034, Tempo, 882352
1, 30038, Tempo, 875912
1, 30040, Tempo, 869565
1, 30044, Tempo, 863309
1, 30048, Tempo, 857142
1, 31680, Tempo, 1000000
1, 31684, Tempo, 991735
1, 31688, Tempo, 983606
1, 31694, Tempo, 975609
1, 31698, Tempo, 967741
1, 31704, Tempo, 960000
1, 31708, Tempo, 952380
1, 31712, Tempo, 944881
1, 31718, Tempo, 937500
1, 31722, Tempo, 930232
1, 31728, Tempo, 923076
1, 31732, Tempo, 916030
1, 31736, Tempo, 909090
1, 31742, Tempo, 902255
1, 31746, Tempo, 895522
1, 31752, Tempo, 888888
1, 31756, Tempo, 882352
1, 31760, Tempo, 875912
1, 31766, Tempo, 869565
1, 31770, Tempo, 863309
1, 31776, Tempo, 857142
1, 32064, Tempo, 857142
1, 32082, Tempo, 869565
1, 32102, Tempo, 869565
1, 32120, Tempo, 882352
1, 32140, Tempo, 882352
1, 32160, Tempo, 895522
1, 32178, Tempo, 895522
1, 32198, Tempo, 909090
1, 32216, Tempo, 909090
1, 32236, Tempo, 923076
1, 32256, Tempo, 1090909
1, 32258, Tempo, 1081081
1, 32262, Tempo, 1071428
1, 32264, Tempo, 1061946
1, 32268, Tempo, 1052631
1, 32272, Tempo, 1043478
1, 32274, Tempo, 1034482
1, 32278, Tempo, 1025641
1, 32280, Tempo, 1016949
1, 32284, Tempo, 1008403
1, 32288, Tempo, 1000000
1, 32290, Tempo, 991735
1, 32294, Tempo, 983606
1, 32296, Tempo, 975609
1, 32300, Tempo, 967741
1, 32304, Tempo, 960000
1, 32306, Tempo, 952380
1, 32310, Tempo, 944881
1, 32312, Tempo, 937500
1, 32316, Tempo, 930232
1, 32320, Tempo, 923076
1, 32322, Tempo, 916030
1, 32326, Tempo, 909090
1, 32328, Tempo, 902255
1, 32332, Tempo, 895522
1, 32336, Tempo, 888888
1, 32338, Tempo, 882352
1, 32342, Tempo, 875912
1, 32344, Tempo, 869565
1, 32348, Tempo, 863309
1, 32352, Tempo, 857142
1, 34368, Tempo, 857142
1, 34374, Tempo, 863309
1, 34380, Tempo, 869565
1, 34386, Tempo, 875912
1, 34392, Tempo, 882352
1, 34400, Tempo, 888888
1, 34406, Tempo, 895522
1, 34412, Tempo, 902255
1, 34418, Tempo, 909090
1, 34424, Tempo, 916030
1, 34432, Tempo, 923076
1, 34438, Tempo, 930232
1, 34444, Tempo, 937500
1, 34450, Tempo, 944881
1, 34456, Tempo, 952380
1, 34464, Tempo, 960000
1, 34470, Tempo, 967741
1, 34476, Tempo, 975609
1, 34482, Tempo, 983606
1, 34488, Tempo, 991735
1, 34496, Tempo, 1000000
1, 34502, Tempo, 1008403
1, 34508, Tempo, 1016949
1, 34514, Tempo, 1025641
1, 34520, Tempo, 1034482
1, 34528, Tempo, 1043478
1, 34534, Tempo, 1052631
1, 34540, Tempo, 1061946
1, 34546, Tempo, 1071428
1, 34552, Tempo, 1081081
1, 34560, Tempo, 1200000
1, 34564, Tempo, 1188118
1, 34570, Tempo, 1176470
1, 34576, Tempo, 1165048
1, 34580, Tempo, 1153846
1, 34586, Tempo, 1142857
1, 34592, Tempo, 1132075
1, 34598, Tempo, 1121495
1, 34602, Tempo, 1111111
1, 34608, Tempo, 1100917
1, 34614, Tempo, 1090909
1, 34620, Tempo, 1081081
1, 34624, Tempo, 1071428
1, 34630, Tempo, 1061946
1, 34636, Tempo, 1052631
1, 34642, Tempo, 1043478
1, 34646, Tempo, 1034482
1, 34652, Tempo, 1025641
1, 34658, Tempo, 1016949
1, 34664, Tempo, 1008403
1, 34668, Tempo, 1000000
1, 34674, Tempo, 991735
1, 34680, Tempo, 983606
1, 34686, Tempo, 975609
1, 34690, Tempo, 967741
1, 34696, Tempo, 960000
1, 34702, Tempo, 952380
1, 34708, Tempo, 944881
1, 34712, Tempo, 937500
1, 34718, Tempo, 930232
1, 34724, Tempo, 923076
1, 34730, Tempo, 916030
1, 34734, Tempo, 909090
1, 34740, Tempo, 902255
1, 34746, Tempo, 895522
1, 34752, Tempo, 888888
1, 35712, Tempo, 1090909
1, 35716, Tempo, 1090909
1, 35720, Tempo, 1071428
1, 35726, Tempo, 1071428
1, 35730, Tempo, 1052631
1, 35736, Tempo, 1052631
1, 35740, Tempo, 1034482
1, 35744, Tempo, 1034482
1, 35750, Tempo, 1016949
1, 35754, Tempo, 1016949
1, 35760, Tempo, 1000000
1, 35764, Tempo, 1000000
1, 35768, Tempo, 983606
1, 35774, Tempo, 983606
1, 35778, Tempo, 967741
1, 35784, Tempo, 967741
1, 35788, Tempo, 952380
1, 35792, Tempo, 952380
1, 35798, Tempo, 937500
1, 35802, Tempo, 937500
1, 35808, Tempo, 923076
1, 36096, Tempo, 923076
1, 36114, Tempo, 937500
1, 36134, Tempo, 937500
1, 36152, Tempo, 952380
1, 36172, Tempo, 952380
1, 36192, Tempo, 967741
1, 36210, Tempo, 967741
1, 36230, Tempo, 983606
1, 36248, Tempo, 983606
1, 36268, Tempo, 1000000
1, 36288, Tempo, 1132075
1, 36306, Tempo, 1016949
1, 36326, Tempo, 1016949
1, 36344, Tempo, 1034482
1, 36364, Tempo, 1034482
1, 36384, Tempo, 1052631
1, 36402, Tempo, 1052631
1, 36422, Tempo, 1071428
1, 36440, Tempo, 1071428
1, 36460, Tempo, 1090909
1, 36480, Tempo, 1090909
1, 36498, Tempo, 1111111
1, 36518, Tempo, 1111111
1, 36536, Tempo, 1132075
1, 36556, Tempo, 1132075
1, 36576, Tempo, 923076
1, 36578, Tempo, 937500
1, 36580, Tempo, 937500
1, 36582, Tempo, 952380
1, 36584, Tempo, 952380
1, 36588, Tempo, 967741
1, 36590, Tempo, 967741
1, 36592, Tempo, 983606
1, 36594, Tempo, 983606
1, 36596, Tempo, 1000000
1, 36600, Tempo, 1000000
1, 36602, Tempo, 1016949
1, 36604, Tempo, 1016949
1, 36606, Tempo, 1034482
1, 36608, Tempo, 1034482
1, 36612, Tempo, 1052631
1, 36614, Tempo, 1052631
1, 36616, Tempo, 1071428
1, 36618, Tempo, 1071428
1, 36620, Tempo, 1090909
1, 36624, Tempo, 1090909
1, 36626, Tempo, 1111111
1, 36628, Tempo, 1111111
1, 36630, Tempo, 1132075
1, 36632, Tempo, 1132075
1, 36636, Tempo, 1153846
1, 36638, Tempo, 1153846
1, 36640, Tempo, 1176470
1, 36642, Tempo, 1176470
1, 36644, Tempo, 1200000
1, 36648, Tempo, 1200000
1, 36650, Tempo, 1224489
1, 36652, Tempo, 1224489
1, 36654, Tempo, 1250000
1, 36656, Tempo, 1250000
1, 36660, Tempo, 1276595
1, 36662, Tempo, 1276595
1, 36664, Tempo, 1304347
1, 36666, Tempo, 1304347
1, 36668, Tempo, 1333333
1, 36672, Tempo, 1333333
1, 36674, Tempo, 1363636
1, 36676, Tempo, 1363636
1, 36678, Tempo, 1395348
1, 36680, Tempo, 1395348
1, 36684, Tempo, 1428571
1, 36686, Tempo, 1428571
1, 36688, Tempo, 1463414
1, 36690, Tempo, 1463414
1, 36692, Tempo, 1500000
1, 36696, Tempo, 1500000
1, 36698, Tempo, 1538461
1, 36700, Tempo, 1538461
1, 36702, Tempo, 1578947
1, 36704, Tempo, 1578947
1, 36708, Tempo, 1621621
1, 36710, Tempo, 1621621
1, 36712, Tempo, 1666666
1, 36714, Tempo, 1666666
1, 36716, Tempo, 1714285
1, 36720, Tempo, 1714285
1, 36722, Tempo, 1764705
1, 36724, Tempo, 1764705
1, 36726, Tempo, 1818181
1, 36728, Tempo, 1818181
1, 36732, Tempo, 1875000
1, 36734, Tempo, 1875000
1, 36736, Tempo, 1935483
1, 36738, Tempo, 1935483
1, 36740, Tempo, 2000000
1, 36744, Tempo, 2000000
1, 36746, Tempo, 2068965
1, 36748, Tempo, 2068965
1, 36750, Tempo, 2142857
1, 36752, Tempo, 2142857
1, 36756, Tempo, 2222222
1, 36758, Tempo, 2222222
1, 36760, Tempo, 2307692
1, 36762, Tempo, 2307692
1, 36764, Tempo, 2400000
1, 36768, Tempo, 2400000
1, 36768, End_track
2, 0, Start_track
2, 0, Title_t, "Johann Sebastian Bach"
2, 0, Control_c, 0, 0, 0
2, 0, Program_c, 0, 6
2, 0, Control_c, 0, 7, 127
2, 0, Control_c, 0, 10, 21
2, 0, Control_c, 0, 91, 127
2, 0, Key_signature, 1, "major"
2, 0, Note_on_c, 0, 74, 112
2, 60, Note_off_c, 0, 74, 100
2, 192, Note_on_c, 0, 74, 112
2, 572, Note_off_c, 0, 74, 100
2, 768, Note_on_c, 0, 74, 112
2, 1148, Note_off_c, 0, 74, 100
2, 1344, Note_on_c, 0, 74, 112
2, 1472, Note_off_c, 0, 74, 100
2, 1536, Note_on_c, 0, 73, 112
2, 1664, Note_off_c, 0, 73, 100
2, 1728, Note_on_c, 0, 74, 112
2, 2108, Note_off_c, 0, 74, 100
2, 2304, Note_on_c, 0, 79, 112
2, 2396, Note_off_c, 0, 79, 100
2, 2400, Note_on_c, 0, 78, 112
2, 2492, Note_off_c, 0, 78, 100
2, 2496, Note_on_c, 0, 79, 112
2, 2588, Note_off_c, 0, 79, 100
2, 2592, Note_on_c, 0, 74, 112
2, 2684, Note_off_c, 0, 74, 100
2, 2688, Note_on_c, 0, 71, 112
2, 2780, Note_off_c, 0, 71, 100
2, 2784, Note_on_c, 0, 74, 112
2, 2848, Note_off_c, 0, 74, 100
2, 2880, Note_on_c, 0, 76, 112
2, 2972, Note_off_c, 0, 76, 100
2, 2976, Note_on_c, 0, 74, 112
2, 3068, Note_off_c, 0, 74, 100
2, 3072, Note_on_c, 0, 76, 112
2, 3164, Note_off_c, 0, 76, 100
2, 3168, Note_on_c, 0, 72, 112
2, 3260, Note_off_c, 0, 72, 100
2, 3264, Note_on_c, 0, 69, 112
2, 3356, Note_off_c, 0, 69, 100
2, 3360, Note_on_c, 0, 72, 112
2, 3424, Note_off_c, 0, 72, 100
2, 3456, Note_on_c, 0, 74, 112
2, 3548, Note_off_c, 0, 74, 100
2, 3552, Note_on_c, 0, 72, 112
2, 3644, Note_off_c, 0, 72, 100
2, 3648, Note_on_c, 0, 74, 112
2, 3740, Note_off_c, 0, 74, 100
2, 3744, Note_on_c, 0, 76, 112
2, 3836, Note_off_c, 0, 76, 100
2, 3840, Note_on_c, 0, 74, 112
2, 3932, Note_off_c, 0, 74, 100
2, 3936, Note_on_c, 0, 72, 112
2, 4028, Note_off_c, 0, 72, 100
2, 4032, Note_on_c, 0, 71, 112
2, 4124, Note_off_c, 0, 71, 100
2, 4128, Note_on_c, 0, 69, 112
2, 4220, Note_off_c, 0, 69, 100
2, 4224, Note_on_c, 0, 71, 112
2, 4316, Note_off_c, 0, 71, 100
2, 4320, Note_on_c, 0, 72, 112
2, 4412, Note_off_c, 0, 72, 100
2, 4416, Note_on_c, 0, 71, 112
2, 4508, Note_off_c, 0, 71, 100
2, 4512, Note_on_c, 0, 69, 112
2, 4604, Note_off_c, 0, 69, 100
2, 4608, Note_on_c, 0, 67, 112
2, 4668, Note_off_c, 0, 67, 100
2, 4800, Note_on_c, 0, 79, 112
2, 5372, Note_off_c, 0, 79, 100
2, 5376, Note_on_c, 0, 78, 112
2, 5948, Note_off_c, 0, 78, 100
2, 5952, Note_on_c, 0, 76, 112
2, 6012, Note_off_c, 0, 76, 100
2, 6144, Note_on_c, 0, 74, 112
2, 6204, Note_off_c, 0, 74, 100
2, 6336, Note_on_c, 0, 73, 112
2, 6428, Note_off_c, 0, 73, 100
2, 6432, Note_on_c, 0, 74, 112
2, 6524, Note_off_c, 0, 74, 100
2, 6528, Note_on_c, 0, 76, 112
2, 7100, Note_off_c, 0, 76, 100
2, 7104, Note_on_c, 0, 74, 112
2, 7164, Note_off_c, 0, 74, 100
2, 7296, Note_on_c, 0, 72, 112
2, 7676, Note_off_c, 0, 72, 100
2, 7680, Note_on_c, 0, 71, 112
2, 7740, Note_off_c, 0, 71, 100
2, 7872, Note_on_c, 0, 79, 112
2, 8156, Note_off_c, 0, 79, 100
2, 8160, Note_on_c, 0, 76, 112
2, 8224, Note_off_c, 0, 76, 100
2, 8256, Note_on_c, 0, 78, 112
2, 8348, Note_off_c, 0, 78, 100
2, 8352, Note_on_c, 0, 74, 112
2, 8416, Note_off_c, 0, 74, 100
2, 8448, Note_on_c, 0, 76, 112
2, 8540, Note_off_c, 0, 76, 100
2, 8544, Note_on_c, 0, 73, 112
2, 8608, Note_off_c, 0, 73, 100
2, 8640, Note_on_c, 0, 74, 112
2, 9118, Note_off_c, 0, 74, 100
2, 9216, Note_on_c, 0, 74, 112
2, 9276, Note_off_c, 0, 74, 100
2, 9408, Note_on_c, 0, 74, 112
2, 9788, Note_off_c, 0, 74, 100
2, 9984, Note_on_c, 0, 74, 112
2, 10012, Note_off_c, 0, 74, 100
2, 10016, Note_on_c, 0, 73, 112
2, 10044, Note_off_c, 0, 73, 100
2, 10048, Note_on_c, 0, 74, 112
2, 10366, Note_off_c, 0, 74, 100
2, 10560, Note_on_c, 0, 74, 112
2, 10688, Note_off_c, 0, 74, 100
2, 10752, Note_on_c, 0, 74, 112
2, 10780, Note_off_c, 0, 74, 100
2, 10784, Note_on_c, 0, 73, 112
2, 10812, Note_off_c, 0, 73, 100
2, 10816, Note_on_c, 0, 74, 112
2, 10844, Note_off_c, 0, 74, 100
2, 10848, Note_on_c, 0, 73, 112
2, 10876, Note_off_c, 0, 73, 100
2, 10880, Note_on_c, 0, 71, 112
2, 10908, Note_off_c, 0, 71, 100
2, 10912, Note_on_c, 0, 73, 112
2, 10940, Note_off_c, 0, 73, 100
2, 10944, Note_on_c, 0, 74, 112
2, 11324, Note_off_c, 0, 74, 100
2, 11520, Note_on_c, 0, 79, 112
2, 11612, Note_off_c, 0, 79, 100
2, 11616, Note_on_c, 0, 78, 112
2, 11708, Note_off_c, 0, 78, 100
2, 11712, Note_on_c, 0, 79, 112
2, 11804, Note_off_c, 0, 79, 100
2, 11808, Note_on_c, 0, 74, 112
2, 11900, Note_off_c, 0, 74, 100
2, 11904, Note_on_c, 0, 71, 112
2, 11996, Note_off_c, 0, 71, 100
2, 12000, Note_on_c, 0, 74, 112
2, 12064, Note_off_c, 0, 74, 100
2, 12096, Note_on_c, 0, 76, 112
2, 12188, Note_off_c, 0, 76, 100
2, 12192, Note_on_c, 0, 74, 112
2, 12284, Note_off_c, 0, 74, 100
2, 12288, Note_on_c, 0, 76, 112
2, 12380, Note_off_c, 0, 76, 100
2, 12384, Note_on_c, 0, 72, 112
2, 12476, Note_off_c, 0, 72, 100
2, 12480, Note_on_c, 0, 69, 112
2, 12572, Note_off_c, 0, 69, 100
2, 12576, Note_on_c, 0, 72, 112
2, 12640, Note_off_c, 0, 72, 100
2, 12672, Note_on_c, 0, 74, 112
2, 12764, Note_off_c, 0, 74, 100
2, 12768, Note_on_c, 0, 72, 112
2, 12860, Note_off_c, 0, 72, 100
2, 12864, Note_on_c, 0, 74, 112
2, 12956, Note_off_c, 0, 74, 100
2, 12960, Note_on_c, 0, 76, 112
2, 13052, Note_off_c, 0, 76, 100
2, 13056, Note_on_c, 0, 74, 112
2, 13148, Note_off_c, 0, 74, 100
2, 13152, Note_on_c, 0, 72, 112
2, 13244, Note_off_c, 0, 72, 100
2, 13248, Note_on_c, 0, 71, 112
2, 13340, Note_off_c, 0, 71, 100
2, 13344, Note_on_c, 0, 69, 112
2, 13436, Note_off_c, 0, 69, 100
2, 13440, Note_on_c, 0, 71, 112
2, 13532, Note_off_c, 0, 71, 100
2, 13536, Note_on_c, 0, 72, 112
2, 13628, Note_off_c, 0, 72, 100
2, 13632, Note_on_c, 0, 71, 112
2, 13724, Note_off_c, 0, 71, 100
2, 13728, Note_on_c, 0, 69, 112
2, 13820, Note_off_c, 0, 69, 100
2, 13824, Note_on_c, 0, 67, 112
2, 13884, Note_off_c, 0, 67, 100
2, 14016, Note_on_c, 0, 79, 112
2, 14588, Note_off_c, 0, 79, 100
2, 14592, Note_on_c, 0, 78, 112
2, 15164, Note_off_c, 0, 78, 100
2, 15168, Note_on_c, 0, 76, 112
2, 15228, Note_off_c, 0, 76, 100
2, 15336, Note_on_c, 0, 76, 112
2, 15356, Note_off_c, 0, 76, 100
2, 15360, Note_on_c, 0, 74, 112
2, 15380, Note_off_c, 0, 74, 100
2, 15384, Note_on_c, 0, 76, 112
2, 15404, Note_off_c, 0, 76, 100
2, 15408, Note_on_c, 0, 74, 112
2, 15448, Note_off_c, 0, 74, 100
2, 15552, Note_on_c, 0, 73, 112
2, 15644, Note_off_c, 0, 73, 100
2, 15648, Note_on_c, 0, 74, 112
2, 15740, Note_off_c, 0, 74, 100
2, 15744, Note_on_c, 0, 76, 112
2, 16316, Note_off_c, 0, 76, 100
2, 16320, Note_on_c, 0, 74, 112
2, 16380, Note_off_c, 0, 74, 100
2, 16512, Note_on_c, 0, 72, 112
2, 16892, Note_off_c, 0, 72, 100
2, 16896, Note_on_c, 0, 71, 112
2, 16956, Note_off_c, 0, 71, 100
2, 17088, Note_on_c, 0, 79, 112
2, 17372, Note_off_c, 0, 79, 100
2, 17376, Note_on_c, 0, 76, 112
2, 17440, Note_off_c, 0, 76, 100
2, 17472, Note_on_c, 0, 78, 112
2, 17564, Note_off_c, 0, 78, 100
2, 17568, Note_on_c, 0, 74, 112
2, 17632, Note_off_c, 0, 74, 100
2, 17664, Note_on_c, 0, 76, 112
2, 17756, Note_off_c, 0, 76, 100
2, 17760, Note_on_c, 0, 73, 112
2, 17824, Note_off_c, 0, 73, 100
2, 17856, Note_on_c, 0, 74, 112
2, 18334, Note_off_c, 0, 74, 100
2, 18432, Note_on_c, 0, 62, 112
2, 18492, Note_off_c, 0, 62, 100
2, 18624, Note_on_c, 0, 62, 112
2, 19004, Note_off_c, 0, 62, 100
2, 19200, Note_on_c, 0, 59, 112
2, 19260, Note_off_c, 0, 59, 100
2, 19392, Note_on_c, 0, 67, 112
2, 19648, Note_off_c, 0, 67, 100
2, 19776, Note_on_c, 0, 67, 112
2, 19904, Note_off_c, 0, 67, 100
2, 19968, Note_on_c, 0, 72, 112
2, 20096, Note_off_c, 0, 72, 100
2, 20160, Note_on_c, 0, 66, 112
2, 20348, Note_off_c, 0, 66, 100
2, 20736, Note_on_c, 0, 71, 112
2, 20828, Note_off_c, 0, 71, 100
2, 20832, Note_on_c, 0, 69, 112
2, 20924, Note_off_c, 0, 69, 100
2, 20928, Note_on_c, 0, 71, 112
2, 21020, Note_off_c, 0, 71, 100
2, 21024, Note_on_c, 0, 67, 112
2, 21116, Note_off_c, 0, 67, 100
2, 21120, Note_on_c, 0, 64, 112
2, 21212, Note_off_c, 0, 64, 100
2, 21216, Note_on_c, 0, 67, 112
2, 21280, Note_off_c, 0, 67, 100
2, 21312, Note_on_c, 0, 72, 112
2, 21404, Note_off_c, 0, 72, 100
2, 21408, Note_on_c, 0, 71, 112
2, 21500, Note_off_c, 0, 71, 100
2, 21504, Note_on_c, 0, 72, 112
2, 21596, Note_off_c, 0, 72, 100
2, 21600, Note_on_c, 0, 69, 112
2, 21692, Note_off_c, 0, 69, 100
2, 21696, Note_on_c, 0, 66, 112
2, 21788, Note_off_c, 0, 66, 100
2, 21792, Note_on_c, 0, 69, 112
2, 21856, Note_off_c, 0, 69, 100
2, 21888, Note_on_c, 0, 71, 112
2, 21980, Note_off_c, 0, 71, 100
2, 21984, Note_on_c, 0, 69, 112
2, 22076, Note_off_c, 0, 69, 100
2, 22080, Note_on_c, 0, 71, 112
2, 22172, Note_off_c, 0, 71, 100
2, 22176, Note_on_c, 0, 72, 112
2, 22268, Note_off_c, 0, 72, 100
2, 22272, Note_on_c, 0, 71, 112
2, 22364, Note_off_c, 0, 71, 100
2, 22368, Note_on_c, 0, 69, 112
2, 22460, Note_off_c, 0, 69, 100
2, 22464, Note_on_c, 0, 67, 112
2, 22556, Note_off_c, 0, 67, 100
2, 22560, Note_on_c, 0, 66, 112
2, 22652, Note_off_c, 0, 66, 100
2, 22656, Note_on_c, 0, 67, 112
2, 22748, Note_off_c, 0, 67, 100
2, 22752, Note_on_c, 0, 69, 112
2, 22844, Note_off_c, 0, 69, 100
2, 22848, Note_on_c, 0, 71, 112
2, 22940, Note_off_c, 0, 71, 100
2, 22944, Note_on_c, 0, 67, 112
2, 23036, Note_off_c, 0, 67, 100
2, 23040, Note_on_c, 0, 64, 112
2, 23420, Note_off_c, 0, 64, 100
2, 23808, Note_on_c, 0, 62, 112
2, 23900, Note_off_c, 0, 62, 100
2, 23904, Note_on_c, 0, 67, 112
2, 23996, Note_off_c, 0, 67, 100
2, 24000, Note_on_c, 0, 71, 112
2, 24092, Note_off_c, 0, 71, 100
2, 24096, Note_on_c, 0, 67, 112
2, 24188, Note_off_c, 0, 67, 100
2, 24192, Note_on_c, 0, 64, 112
2, 24764, Note_off_c, 0, 64, 100
2, 24768, Note_on_c, 0, 62, 112
2, 24860, Note_off_c, 0, 62, 100
2, 25344, Note_on_c, 0, 55, 112
2, 25404, Note_off_c, 0, 55, 100
2, 25536, Note_on_c, 0, 55, 112
2, 25916, Note_off_c, 0, 55, 100
2, 26112, Note_on_c, 0, 48, 112
2, 26172, Note_off_c, 0, 48, 100
2, 26304, Note_on_c, 0, 60, 112
2, 26560, Note_off_c, 0, 60, 100
2, 26688, Note_on_c, 0, 57, 112
2, 26748, Note_off_c, 0, 57, 100
2, 26880, Note_on_c, 0, 60, 112
2, 27260, Note_off_c, 0, 60, 100
2, 27264, Note_on_c, 0, 59, 112
2, 27616, Note_off_c, 0, 59, 100
2, 27648, Note_on_c, 0, 62, 112
2, 27708, Note_off_c, 0, 62, 100
2, 27840, Note_on_c, 0, 62, 112
2, 28220, Note_off_c, 0, 62, 100
2, 28416, Note_on_c, 0, 59, 112
2, 28476, Note_off_c, 0, 59, 100
2, 28608, Note_on_c, 0, 67, 112
2, 28636, Note_off_c, 0, 67, 100
2, 28640, Note_on_c, 0, 66, 112
2, 28668, Note_off_c, 0, 66, 100
2, 28672, Note_on_c, 0, 67, 112
2, 28864, Note_off_c, 0, 67, 100
2, 28992, Note_on_c, 0, 67, 112
2, 29120, Note_off_c, 0, 67, 100
2, 29184, Note_on_c, 0, 72, 112
2, 29312, Note_off_c, 0, 72, 100
2, 29376, Note_on_c, 0, 66, 112
2, 29564, Note_off_c, 0, 66, 100
2, 29952, Note_on_c, 0, 71, 112
2, 30044, Note_off_c, 0, 71, 100
2, 30048, Note_on_c, 0, 69, 112
2, 30140, Note_off_c, 0, 69, 100
2, 30144, Note_on_c, 0, 71, 112
2, 30236, Note_off_c, 0, 71, 100
2, 30240, Note_on_c, 0, 67, 112
2, 30332, Note_off_c, 0, 67, 100
2, 30336, Note_on_c, 0, 64, 112
2, 30428, Note_off_c, 0, 64, 100
2, 30432, Note_on_c, 0, 67, 112
2, 30496, Note_off_c, 0, 67, 100
2, 30528, Note_on_c, 0, 72, 112
2, 30620, Note_off_c, 0, 72, 100
2, 30624, Note_on_c, 0, 71, 112
2, 30716, Note_off_c, 0, 71, 100
2, 30720, Note_on_c, 0, 72, 112
2, 30812, Note_off_c, 0, 72, 100
2, 30816, Note_on_c, 0, 69, 112
2, 30908, Note_off_c, 0, 69, 100
2, 30912, Note_on_c, 0, 66, 112
2, 31004, Note_off_c, 0, 66, 100
2, 31008, Note_on_c, 0, 69, 112
2, 31072, Note_off_c, 0, 69, 100
2, 31104, Note_on_c, 0, 71, 112
2, 31196, Note_off_c, 0, 71, 100
2, 31200, Note_on_c, 0, 69, 112
2, 31292, Note_off_c, 0, 69, 100
2, 31296, Note_on_c, 0, 71, 112
2, 31388, Note_off_c, 0, 71, 100
2, 31392, Note_on_c, 0, 72, 112
2, 31484, Note_off_c, 0, 72, 100
2, 31488, Note_on_c, 0, 71, 112
2, 31580, Note_off_c, 0, 71, 100
2, 31584, Note_on_c, 0, 69, 112
2, 31676, Note_off_c, 0, 69, 100
2, 31680, Note_on_c, 0, 67, 112
2, 31772, Note_off_c, 0, 67, 100
2, 31776, Note_on_c, 0, 66, 112
2, 31868, Note_off_c, 0, 66, 100
2, 31872, Note_on_c, 0, 67, 112
2, 31964, Note_off_c, 0, 67, 100
2, 31968, Note_on_c, 0, 69, 112
2, 32060, Note_off_c, 0, 69, 100
2, 32064, Note_on_c, 0, 71, 112
2, 32156, Note_off_c, 0, 71, 100
2, 32160, Note_on_c, 0, 67, 112
2, 32252, Note_off_c, 0, 67, 100
2, 32256, Note_on_c, 0, 64, 112
2, 32636, Note_off_c, 0, 64, 100
2, 33024, Note_on_c, 0, 62, 112
2, 33116, Note_off_c, 0, 62, 100
2, 33120, Note_on_c, 0, 67, 112
2, 33212, Note_off_c, 0, 67, 100
2, 33216, Note_on_c, 0, 71, 112
2, 33308, Note_off_c, 0, 71, 100
2, 33312, Note_on_c, 0, 67, 112
2, 33376, Note_off_c, 0, 67, 100
2, 33408, Note_on_c, 0, 66, 112
2, 33428, Note_off_c, 0, 66, 100
2, 33432, Note_on_c, 0, 64, 112
2, 33452, Note_off_c, 0, 64, 100
2, 33456, Note_on_c, 0, 66, 112
2, 33476, Note_off_c, 0, 66, 100
2, 33480, Note_on_c, 0, 64, 112
2, 33942, Note_off_c, 0, 64, 100
2, 33960, Note_on_c, 0, 64, 112
2, 33980, Note_off_c, 0, 64, 100
2, 33984, Note_on_c, 0, 62, 112
2, 34004, Note_off_c, 0, 62, 100
2, 34008, Note_on_c, 0, 64, 112
2, 34028, Note_off_c, 0, 64, 100
2, 34032, Note_on_c, 0, 62, 112
2, 34124, Note_off_c, 0, 62, 100
2, 34560, Note_on_c, 0, 55, 112
2, 34620, Note_off_c, 0, 55, 100
2, 34752, Note_on_c, 0, 55, 112
2, 35132, Note_off_c, 0, 55, 100
2, 35328, Note_on_c, 0, 48, 112
2, 35388, Note_off_c, 0, 48, 100
2, 35520, Note_on_c, 0, 60, 112
2, 35548, Note_off_c, 0, 60, 100
2, 35552, Note_on_c, 0, 59, 112
2, 35580, Note_off_c, 0, 59, 100
2, 35584, Note_on_c, 0, 60, 112
2, 35776, Note_off_c, 0, 60, 100
2, 35904, Note_on_c, 0, 57, 112
2, 35964, Note_off_c, 0, 57, 100
2, 36096, Note_on_c, 0, 60, 112
2, 36476, Note_off_c, 0, 60, 100
2, 36480, Note_on_c, 0, 59, 112
2, 36808, Note_off_c, 0, 59, 100
2, 36808, End_track
3, 0, Start_track
3, 0, Title_t, "Goldberg Variations"
3, 0, Control_c, 1, 0, 0
3, 0, Program_c, 1, 6
3, 0, Control_c, 1, 7, 127
3, 0, Control_c, 1, 10, 105
3, 0, Control_c, 1, 91, 127
3, 0, Key_signature, 1, "major"
3, 0, Note_on_c, 1, 71, 112
3, 92, Note_off_c, 1, 71, 100
3, 96, Note_on_c, 1, 69, 112
3, 188, Note_off_c, 1, 69, 100
3, 192, Note_on_c, 1, 71, 112
3, 284, Note_off_c, 1, 71, 100
3, 288, Note_on_c, 1, 67, 112
3, 380, Note_off_c, 1, 67, 100
3, 384, Note_on_c, 1, 62, 112
3, 476, Note_off_c, 1, 62, 100
3, 480, Note_on_c, 1, 67, 112
3, 544, Note_off_c, 1, 67, 100
3, 576, Note_on_c, 1, 69, 112
3, 668, Note_off_c, 1, 69, 100
3, 672, Note_on_c, 1, 67, 112
3, 764, Note_off_c, 1, 67, 100
3, 768, Note_on_c, 1, 69, 112
3, 860, Note_off_c, 1, 69, 100
3, 864, Note_on_c, 1, 66, 112
3, 956, Note_off_c, 1, 66, 100
3, 960, Note_on_c, 1, 62, 112
3, 1052, Note_off_c, 1, 62, 100
3, 1056, Note_on_c, 1, 66, 112
3, 1120, Note_off_c, 1, 66, 100
3, 1152, Note_on_c, 1, 67, 112
3, 1244, Note_off_c, 1, 67, 100
3, 1248, Note_on_c, 1, 66, 112
3, 1340, Note_off_c, 1, 66, 100
3, 1344, Note_on_c, 1, 67, 112
3, 1436, Note_off_c, 1, 67, 100
3, 1440, Note_on_c, 1, 71, 112
3, 1532, Note_off_c, 1, 71, 100
3, 1536, Note_on_c, 1, 69, 112
3, 1628, Note_off_c, 1, 69, 100
3, 1632, Note_on_c, 1, 67, 112
3, 1724, Note_off_c, 1, 67, 100
3, 1728, Note_on_c, 1, 66, 112
3, 1820, Note_off_c, 1, 66, 100
3, 1824, Note_on_c, 1, 64, 112
3, 1916, Note_off_c, 1, 64, 100
3, 1920, Note_on_c, 1, 66, 112
3, 2012, Note_off_c, 1, 66, 100
3, 2016, Note_on_c, 1, 67, 112
3, 2108, Note_off_c, 1, 67, 100
3, 2112, Note_on_c, 1, 69, 112
3, 2204, Note_off_c, 1, 69, 100
3, 2208, Note_on_c, 1, 66, 112
3, 2300, Note_off_c, 1, 66, 100
3, 2304, Note_on_c, 1, 67, 112
3, 2364, Note_off_c, 1, 67, 100
3, 2496, Note_on_c, 1, 67, 112
3, 2876, Note_off_c, 1, 67, 100
3, 3072, Note_on_c, 1, 67, 112
3, 3452, Note_off_c, 1, 67, 100
3, 3648, Note_on_c, 1, 67, 112
3, 3776, Note_off_c, 1, 67, 100
3, 3840, Note_on_c, 1, 66, 112
3, 3968, Note_off_c, 1, 66, 100
3, 4032, Note_on_c, 1, 67, 112
3, 4412, Note_off_c, 1, 67, 100
3, 4992, Note_on_c, 1, 74, 112
3, 5180, Note_off_c, 1, 74, 100
3, 5184, Note_on_c, 1, 73, 112
3, 5440, Note_off_c, 1, 73, 100
3, 5568, Note_on_c, 1, 72, 112
3, 5756, Note_off_c, 1, 72, 100
3, 5760, Note_on_c, 1, 71, 112
3, 5820, Note_off_c, 1, 71, 100
3, 5952, Note_on_c, 1, 64, 112
3, 6012, Note_off_c, 1, 64, 100
3, 6144, Note_on_c, 1, 68, 112
3, 6332, Note_off_c, 1, 68, 100
3, 6336, Note_on_c, 1, 69, 112
3, 6592, Note_off_c, 1, 69, 100
3, 6720, Note_on_c, 1, 67, 112
3, 6908, Note_off_c, 1, 67, 100
3, 6912, Note_on_c, 1, 66, 112
3, 7168, Note_off_c, 1, 66, 100
3, 7296, Note_on_c, 1, 69, 112
3, 7484, Note_off_c, 1, 69, 100
3, 7488, Note_on_c, 1, 62, 112
3, 7548, Note_off_c, 1, 62, 100
3, 7680, Note_on_c, 1, 67, 112
3, 7740, Note_off_c, 1, 67, 100
3, 7872, Note_on_c, 1, 71, 112
3, 8060, Note_off_c, 1, 71, 100
3, 8064, Note_on_c, 1, 73, 112
3, 8124, Note_off_c, 1, 73, 100
3, 8256, Note_on_c, 1, 69, 112
3, 8316, Note_off_c, 1, 69, 100
3, 8448, Note_on_c, 1, 67, 112
3, 8828, Note_off_c, 1, 67, 100
3, 8832, Note_on_c, 1, 66, 112
3, 9118, Note_off_c, 1, 66, 100
3, 9216, Note_on_c, 1, 71, 112
3, 9308, Note_off_c, 1, 71, 100
3, 9312, Note_on_c, 1, 69, 112
3, 9404, Note_off_c, 1, 69, 100
3, 9408, Note_on_c, 1, 71, 112
3, 9500, Note_off_c, 1, 71, 100
3, 9504, Note_on_c, 1, 67, 112
3, 9596, Note_off_c, 1, 67, 100
3, 9600, Note_on_c, 1, 62, 112
3, 9692, Note_off_c, 1, 62, 100
3, 9696, Note_on_c, 1, 67, 112
3, 9760, Note_off_c, 1, 67, 100
3, 9792, Note_on_c, 1, 69, 112
3, 9884, Note_off_c, 1, 69, 100
3, 9888, Note_on_c, 1, 67, 112
3, 9980, Note_off_c, 1, 67, 100
3, 9984, Note_on_c, 1, 69, 112
3, 10076, Note_off_c, 1, 69, 100
3, 10080, Note_on_c, 1, 66, 112
3, 10172, Note_off_c, 1, 66, 100
3, 10176, Note_on_c, 1, 62, 112
3, 10268, Note_off_c, 1, 62, 100
3, 10272, Note_on_c, 1, 66, 112
3, 10336, Note_off_c, 1, 66, 100
3, 10368, Note_on_c, 1, 67, 112
3, 10460, Note_off_c, 1, 67, 100
3, 10464, Note_on_c, 1, 66, 112
3, 10556, Note_off_c, 1, 66, 100
3, 10560, Note_on_c, 1, 67, 112
3, 10652, Note_off_c, 1, 67, 100
3, 10656, Note_on_c, 1, 71, 112
3, 10748, Note_off_c, 1, 71, 100
3, 10752, Note_on_c, 1, 69, 112
3, 10844, Note_off_c, 1, 69, 100
3, 10848, Note_on_c, 1, 67, 112
3, 10940, Note_off_c, 1, 67, 100
3, 10944, Note_on_c, 1, 66, 112
3, 11036, Note_off_c, 1, 66, 100
3, 11040, Note_on_c, 1, 64, 112
3, 11132, Note_off_c, 1, 64, 100
3, 11136, Note_on_c, 1, 66, 112
3, 11228, Note_off_c, 1, 66, 100
3, 11232, Note_on_c, 1, 67, 112
3, 11324, Note_off_c, 1, 67, 100
3, 11328, Note_on_c, 1, 69, 112
3, 11420, Note_off_c, 1, 69, 100
3, 11424, Note_on_c, 1, 66, 112
3, 11516, Note_off_c, 1, 66, 100
3, 11520, Note_on_c, 1, 67, 112
3, 11580, Note_off_c, 1, 67, 100
3, 11712, Note_on_c, 1, 67, 112
3, 12092, Note_off_c, 1, 67, 100
3, 12288, Note_on_c, 1, 67, 112
3, 12316, Note_off_c, 1, 67, 100
3, 12320, Note_on_c, 1, 66, 112
3, 12348, Note_off_c, 1, 66, 100
3, 12352, Note_on_c, 1, 67, 112
3, 12670, Note_off_c, 1, 67, 100
3, 12864, Note_on_c, 1, 67, 112
3, 12992, Note_off_c, 1, 67, 100
3, 13056, Note_on_c, 1, 67, 112
3, 13084, Note_off_c, 1, 67, 100
3, 13088, Note_on_c, 1, 66, 112
3, 13116, Note_off_c, 1, 66, 100
3, 13120, Note_on_c, 1, 67, 112
3, 13148, Note_off_c, 1, 67, 100
3, 13152, Note_on_c, 1, 66, 112
3, 13180, Note_off_c, 1, 66, 100
3, 13184, Note_on_c, 1, 64, 112
3, 13212, Note_off_c, 1, 64, 100
3, 13216, Note_on_c, 1, 66, 112
3, 13244, Note_off_c, 1, 66, 100
3, 13248, Note_on_c, 1, 67, 112
3, 13628, Note_off_c, 1, 67, 100
3, 14208, Note_on_c, 1, 76, 112
3, 14228, Note_off_c, 1, 76, 100
3, 14232, Note_on_c, 1, 74, 112
3, 14252, Note_off_c, 1, 74, 100
3, 14256, Note_on_c, 1, 76, 112
3, 14276, Note_off_c, 1, 76, 100
3, 14280, Note_on_c, 1, 74, 112
3, 14320, Note_off_c, 1, 74, 100
3, 14400, Note_on_c, 1, 73, 112
3, 14656, Note_off_c, 1, 73, 100
3, 14784, Note_on_c, 1, 74, 112
3, 14804, Note_off_c, 1, 74, 100
3, 14808, Note_on_c, 1, 72, 112
3, 14828, Note_off_c, 1, 72, 100
3, 14832, Note_on_c, 1, 74, 112
3, 14852, Note_off_c, 1, 74, 100
3, 14856, Note_on_c, 1, 72, 112
3, 14896, Note_off_c, 1, 72, 100
3, 14976, Note_on_c, 1, 71, 112
3, 15036, Note_off_c, 1, 71, 100
3, 15168, Note_on_c, 1, 64, 112
3, 15228, Note_off_c, 1, 64, 100
3, 15360, Note_on_c, 1, 68, 112
3, 15548, Note_off_c, 1, 68, 100
3, 15552, Note_on_c, 1, 69, 112
3, 15808, Note_off_c, 1, 69, 100
3, 15912, Note_on_c, 1, 69, 112
3, 15932, Note_off_c, 1, 69, 100
3, 15936, Note_on_c, 1, 67, 112
3, 15956, Note_off_c, 1, 67, 100
3, 15960, Note_on_c, 1, 69, 112
3, 15980, Note_off_c, 1, 69, 100
3, 15984, Note_on_c, 1, 67, 112
3, 16024, Note_off_c, 1, 67, 100
3, 16128, Note_on_c, 1, 66, 112
3, 16384, Note_off_c, 1, 66, 100
3, 16512, Note_on_c, 1, 69, 112
3, 16700, Note_off_c, 1, 69, 100
3, 16704, Note_on_c, 1, 62, 112
3, 16764, Note_off_c, 1, 62, 100
3, 16896, Note_on_c, 1, 67, 112
3, 16956, Note_off_c, 1, 67, 100
3, 17088, Note_on_c, 1, 71, 112
3, 17276, Note_off_c, 1, 71, 100
3, 17280, Note_on_c, 1, 73, 112
3, 17340, Note_off_c, 1, 73, 100
3, 17472, Note_on_c, 1, 69, 112
3, 17532, Note_off_c, 1, 69, 100
3, 17664, Note_on_c, 1, 67, 112
3, 18044, Note_off_c, 1, 67, 100
3, 18048, Note_on_c, 1, 66, 112
3, 18334, Note_off_c, 1, 66, 100
3, 18432, Note_on_c, 1, 78, 112
3, 18524, Note_off_c, 1, 78, 100
3, 18528, Note_on_c, 1, 76, 112
3, 18620, Note_off_c, 1, 76, 100
3, 18624, Note_on_c, 1, 78, 112
3, 18716, Note_off_c, 1, 78, 100
3, 18720, Note_on_c, 1, 74, 112
3, 18812, Note_off_c, 1, 74, 100
3, 18816, Note_on_c, 1, 69, 112
3, 18908, Note_off_c, 1, 69, 100
3, 18912, Note_on_c, 1, 74, 112
3, 18976, Note_off_c, 1, 74, 100
3, 19008, Note_on_c, 1, 79, 112
3, 19100, Note_off_c, 1, 79, 100
3, 19104, Note_on_c, 1, 78, 112
3, 19196, Note_off_c, 1, 78, 100
3, 19200, Note_on_c, 1, 79, 112
3, 19292, Note_off_c, 1, 79, 100
3, 19296, Note_on_c, 1, 74, 112
3, 19388, Note_off_c, 1, 74, 100
3, 19392, Note_on_c, 1, 71, 112
3, 19484, Note_off_c, 1, 71, 100
3, 19488, Note_on_c, 1, 74, 112
3, 19552, Note_off_c, 1, 74, 100
3, 19584, Note_on_c, 1, 76, 112
3, 19676, Note_off_c, 1, 76, 100
3, 19680, Note_on_c, 1, 75, 112
3, 19772, Note_off_c, 1, 75, 100
3, 19776, Note_on_c, 1, 76, 112
3, 19868, Note_off_c, 1, 76, 100
3, 19872, Note_on_c, 1, 79, 112
3, 19964, Note_off_c, 1, 79, 100
3, 19968, Note_on_c, 1, 78, 112
3, 20060, Note_off_c, 1, 78, 100
3, 20064, Note_on_c, 1, 76, 112
3, 20156, Note_off_c, 1, 76, 100
3, 20160, Note_on_c, 1, 75, 112
3, 20252, Note_off_c, 1, 75, 100
3, 20256, Note_on_c, 1, 76, 112
3, 20348, Note_off_c, 1, 76, 100
3, 20352, Note_on_c, 1, 78, 112
3, 20444, Note_off_c, 1, 78, 100
3, 20448, Note_on_c, 1, 75, 112
3, 20540, Note_off_c, 1, 75, 100
3, 20544, Note_on_c, 1, 71, 112
3, 20636, Note_off_c, 1, 71, 100
3, 20640, Note_on_c, 1, 75, 112
3, 20732, Note_off_c, 1, 75, 100
3, 20736, Note_on_c, 1, 76, 112
3, 20796, Note_off_c, 1, 76, 100
3, 20928, Note_on_c, 1, 76, 112
3, 21308, Note_off_c, 1, 76, 100
3, 21504, Note_on_c, 1, 76, 112
3, 21884, Note_off_c, 1, 76, 100
3, 22080, Note_on_c, 1, 76, 112
3, 22208, Note_off_c, 1, 76, 100
3, 22272, Note_on_c, 1, 75, 112
3, 22400, Note_off_c, 1, 75, 100
3, 22464, Note_on_c, 1, 76, 112
3, 22844, Note_off_c, 1, 76, 100
3, 23232, Note_on_c, 1, 76, 112
3, 23324, Note_off_c, 1, 76, 100
3, 23328, Note_on_c, 1, 72, 112
3, 23420, Note_off_c, 1, 72, 100
3, 23424, Note_on_c, 1, 69, 112
3, 23516, Note_off_c, 1, 69, 100
3, 23520, Note_on_c, 1, 72, 112
3, 23612, Note_off_c, 1, 72, 100
3, 23616, Note_on_c, 1, 74, 112
3, 24188, Note_off_c, 1, 74, 100
3, 24384, Note_on_c, 1, 72, 112
3, 24476, Note_off_c, 1, 72, 100
3, 24480, Note_on_c, 1, 71, 112
3, 24572, Note_off_c, 1, 71, 100
3, 24576, Note_on_c, 1, 72, 112
3, 24860, Note_off_c, 1, 72, 100
3, 24960, Note_on_c, 1, 74, 112
3, 25052, Note_off_c, 1, 74, 100
3, 25056, Note_on_c, 1, 72, 112
3, 25148, Note_off_c, 1, 72, 100
3, 25152, Note_on_c, 1, 71, 112
3, 25244, Note_off_c, 1, 71, 100
3, 25248, Note_on_c, 1, 69, 112
3, 25312, Note_off_c, 1, 69, 100
3, 25344, Note_on_c, 1, 74, 112
3, 25436, Note_off_c, 1, 74, 100
3, 25440, Note_on_c, 1, 72, 112
3, 25532, Note_off_c, 1, 72, 100
3, 25536, Note_on_c, 1, 74, 112
3, 25628, Note_off_c, 1, 74, 100
3, 25632, Note_on_c, 1, 71, 112
3, 25724, Note_off_c, 1, 71, 100
3, 25728, Note_on_c, 1, 67, 112
3, 25820, Note_off_c, 1, 67, 100
3, 25824, Note_on_c, 1, 71, 112
3, 25888, Note_off_c, 1, 71, 100
3, 25920, Note_on_c, 1, 76, 112
3, 26012, Note_off_c, 1, 76, 100
3, 26016, Note_on_c, 1, 74, 112
3, 26108, Note_off_c, 1, 74, 100
3, 26112, Note_on_c, 1, 76, 112
3, 26204, Note_off_c, 1, 76, 100
3, 26208, Note_on_c, 1, 72, 112
3, 26300, Note_off_c, 1, 72, 100
3, 26304, Note_on_c, 1, 69, 112
3, 26396, Note_off_c, 1, 69, 100
3, 26400, Note_on_c, 1, 72, 112
3, 26464, Note_off_c, 1, 72, 100
3, 26496, Note_on_c, 1, 78, 112
3, 26588, Note_off_c, 1, 78, 100
3, 26592, Note_on_c, 1, 76, 112
3, 26684, Note_off_c, 1, 76, 100
3, 26688, Note_on_c, 1, 78, 112
3, 26780, Note_off_c, 1, 78, 100
3, 26784, Note_on_c, 1, 81, 112
3, 26876, Note_off_c, 1, 81, 100
3, 26880, Note_on_c, 1, 74, 112
3, 26972, Note_off_c, 1, 74, 100
3, 26976, Note_on_c, 1, 78, 112
3, 27040, Note_off_c, 1, 78, 100
3, 27072, Note_on_c, 1, 79, 112
3, 27164, Note_off_c, 1, 79, 100
3, 27168, Note_on_c, 1, 78, 112
3, 27260, Note_off_c, 1, 78, 100
3, 27264, Note_on_c, 1, 79, 112
3, 27356, Note_off_c, 1, 79, 100
3, 27360, Note_on_c, 1, 74, 112
3, 27452, Note_off_c, 1, 74, 100
3, 27456, Note_on_c, 1, 71, 112
3, 27548, Note_off_c, 1, 71, 100
3, 27552, Note_on_c, 1, 67, 112
3, 27616, Note_off_c, 1, 67, 100
3, 27648, Note_on_c, 1, 78, 112
3, 27740, Note_off_c, 1, 78, 100
3, 27744, Note_on_c, 1, 76, 112
3, 27836, Note_off_c, 1, 76, 100
3, 27840, Note_on_c, 1, 78, 112
3, 27932, Note_off_c, 1, 78, 100
3, 27936, Note_on_c, 1, 74, 112
3, 28028, Note_off_c, 1, 74, 100
3, 28032, Note_on_c, 1, 69, 112
3, 28124, Note_off_c, 1, 69, 100
3, 28128, Note_on_c, 1, 74, 112
3, 28192, Note_off_c, 1, 74, 100
3, 28224, Note_on_c, 1, 79, 112
3, 28316, Note_off_c, 1, 79, 100
3, 28320, Note_on_c, 1, 78, 112
3, 28412, Note_off_c, 1, 78, 100
3, 28416, Note_on_c, 1, 79, 112
3, 28508, Note_off_c, 1, 79, 100
3, 28512, Note_on_c, 1, 74, 112
3, 28604, Note_off_c, 1, 74, 100
3, 28608, Note_on_c, 1, 71, 112
3, 28700, Note_off_c, 1, 71, 100
3, 28704, Note_on_c, 1, 74, 112
3, 28768, Note_off_c, 1, 74, 100
3, 28800, Note_on_c, 1, 76, 112
3, 28892, Note_off_c, 1, 76, 100
3, 28896, Note_on_c, 1, 75, 112
3, 28988, Note_off_c, 1, 75, 100
3, 28992, Note_on_c, 1, 76, 112
3, 29084, Note_off_c, 1, 76, 100
3, 29088, Note_on_c, 1, 79, 112
3, 29180, Note_off_c, 1, 79, 100
3, 29184, Note_on_c, 1, 78, 112
3, 29276, Note_off_c, 1, 78, 100
3, 29280, Note_on_c, 1, 76, 112
3, 29372, Note_off_c, 1, 76, 100
3, 29376, Note_on_c, 1, 75, 112
3, 29468, Note_off_c, 1, 75, 100
3, 29472, Note_on_c, 1, 76, 112
3, 29564, Note_off_c, 1, 76, 100
3, 29568, Note_on_c, 1, 78, 112
3, 29660, Note_off_c, 1, 78, 100
3, 29664, Note_on_c, 1, 75, 112
3, 29756, Note_off_c, 1, 75, 100
3, 29760, Note_on_c, 1, 71, 112
3, 29852, Note_off_c, 1, 71, 100
3, 29856, Note_on_c, 1, 75, 112
3, 29948, Note_off_c, 1, 75, 100
3, 29952, Note_on_c, 1, 76, 112
3, 30012, Note_off_c, 1, 76, 100
3, 30144, Note_on_c, 1, 76, 112
3, 30524, Note_off_c, 1, 76, 100
3, 30720, Note_on_c, 1, 76, 112
3, 30748, Note_off_c, 1, 76, 100
3, 30752, Note_on_c, 1, 75, 112
3, 30780, Note_off_c, 1, 75, 100
3, 30784, Note_on_c, 1, 76, 112
3, 31102, Note_off_c, 1, 76, 100
3, 31296, Note_on_c, 1, 76, 112
3, 31424, Note_off_c, 1, 76, 100
3, 31488, Note_on_c, 1, 76, 112
3, 31516, Note_off_c, 1, 76, 100
3, 31520, Note_on_c, 1, 75, 112
3, 31548, Note_off_c, 1, 75, 100
3, 31552, Note_on_c, 1, 76, 112
3, 31580, Note_off_c, 1, 76, 100
3, 31584, Note_on_c, 1, 75, 112
3, 31612, Note_off_c, 1, 75, 100
3, 31616, Note_on_c, 1, 73, 112
3, 31644, Note_off_c, 1, 73, 100
3, 31648, Note_on_c, 1, 75, 112
3, 31676, Note_off_c, 1, 75, 100
3, 31680, Note_on_c, 1, 76, 112
3, 32060, Note_off_c, 1, 76, 100
3, 32448, Note_on_c, 1, 76, 112
3, 32540, Note_off_c, 1, 76, 100
3, 32544, Note_on_c, 1, 72, 112
3, 32636, Note_off_c, 1, 72, 100
3, 32640, Note_on_c, 1, 69, 112
3, 32732, Note_off_c, 1, 69, 100
3, 32736, Note_on_c, 1, 72, 112
3, 32800, Note_off_c, 1, 72, 100
3, 32832, Note_on_c, 1, 72, 112
3, 32852, Note_off_c, 1, 72, 100
3, 32856, Note_on_c, 1, 74, 112
3, 32876, Note_off_c, 1, 74, 100
3, 32880, Note_on_c, 1, 72, 112
3, 32900, Note_off_c, 1, 72, 100
3, 32904, Note_on_c, 1, 74, 112
3, 33406, Note_off_c, 1, 74, 100
3, 33600, Note_on_c, 1, 72, 112
3, 33692, Note_off_c, 1, 72, 100
3, 33696, Note_on_c, 1, 71, 112
3, 33760, Note_off_c, 1, 71, 100
3, 33792, Note_on_c, 1, 71, 112
3, 33812, Note_off_c, 1, 71, 100
3, 33816, Note_on_c, 1, 72, 112
3, 33836, Note_off_c, 1, 72, 100
3, 33840, Note_on_c, 1, 71, 112
3, 33860, Note_off_c, 1, 71, 100
3, 33864, Note_on_c, 1, 72, 112
3, 34056, Note_off_c, 1, 72, 100
3, 34176, Note_on_c, 1, 74, 112
3, 34268, Note_off_c, 1, 74, 100
3, 34272, Note_on_c, 1, 72, 112
3, 34364, Note_off_c, 1, 72, 100
3, 34368, Note_on_c, 1, 71, 112
3, 34460, Note_off_c, 1, 71, 100
3, 34464, Note_on_c, 1, 69, 112
3, 34528, Note_off_c, 1, 69, 100
3, 34560, Note_on_c, 1, 74, 112
3, 34652, Note_off_c, 1, 74, 100
3, 34656, Note_on_c, 1, 72, 112
3, 34748, Note_off_c, 1, 72, 100
3, 34752, Note_on_c, 1, 74, 112
3, 34844, Note_off_c, 1, 74, 100
3, 34848, Note_on_c, 1, 71, 112
3, 34940, Note_off_c, 1, 71, 100
3, 34944, Note_on_c, 1, 67, 112
3, 35036, Note_off_c, 1, 67, 100
3, 35040, Note_on_c, 1, 71, 112
3, 35104, Note_off_c, 1, 71, 100
3, 35136, Note_on_c, 1, 76, 112
3, 35228, Note_off_c, 1, 76, 100
3, 35232, Note_on_c, 1, 74, 112
3, 35324, Note_off_c, 1, 74, 100
3, 35328, Note_on_c, 1, 76, 112
3, 35420, Note_off_c, 1, 76, 100
3, 35424, Note_on_c, 1, 72, 112
3, 35516, Note_off_c, 1, 72, 100
3, 35520, Note_on_c, 1, 69, 112
3, 35612, Note_off_c, 1, 69, 100
3, 35616, Note_on_c, 1, 72, 112
3, 35680, Note_off_c, 1, 72, 100
3, 35712, Note_on_c, 1, 78, 112
3, 35804, Note_off_c, 1, 78, 100
3, 35808, Note_on_c, 1, 76, 112
3, 35900, Note_off_c, 1, 76, 100
3, 35904, Note_on_c, 1, 78, 112
3, 35996, Note_off_c, 1, 78, 100
3, 36000, Note_on_c, 1, 81, 112
3, 36092, Note_off_c, 1, 81, 100
3, 36096, Note_on_c, 1, 74, 112
3, 36188, Note_off_c, 1, 74, 100
3, 36192, Note_on_c, 1, 78, 112
3, 36256, Note_off_c, 1, 78, 100
3, 36288, Note_on_c, 1, 81, 112
3, 36308, Note_off_c, 1, 81, 100
3, 36312, Note_on_c, 1, 79, 112
3, 36332, Note_off_c, 1, 79, 100
3, 36336, Note_on_c, 1, 81, 112
3, 36356, Note_off_c, 1, 81, 100
3, 36360, Note_on_c, 1, 79, 112
3, 36380, Note_off_c, 1, 79, 100
3, 36384, Note_on_c, 1, 78, 112
3, 36476, Note_off_c, 1, 78, 100
3, 36480, Note_on_c, 1, 79, 112
3, 36572, Note_off_c, 1, 79, 100
3, 36576, Note_on_c, 1, 74, 112
3, 36668, Note_off_c, 1, 74, 100
3, 36672, Note_on_c, 1, 71, 112
3, 36764, Note_off_c, 1, 71, 100
3, 36768, Note_on_c, 1, 67, 112
3, 36808, Note_off_c, 1, 67, 100
3, 36808, End_track
4, 0, Start_track
4, 0, Title_t, "BWV 988"
4, 0, Control_c, 2, 0, 0
4, 0, Program_c, 2, 6
4, 0, Control_c, 2, 7, 127
4, 0, Key_signature, 1, "major"
4, 0, Note_on_c, 2, 55, 112
4, 188, Note_off_c, 2, 55, 100
4, 192, Note_on_c, 2, 43, 112
4, 380, Note_off_c, 2, 43, 100
4, 384, Note_on_c, 2, 55, 112
4, 444, Note_off_c, 2, 55, 100
4, 576, Note_on_c, 2, 54, 112
4, 764, Note_off_c, 2, 54, 100
4, 768, Note_on_c, 2, 42, 112
4, 956, Note_off_c, 2, 42, 100
4, 960, Note_on_c, 2, 54, 112
4, 1020, Note_off_c, 2, 54, 100
4, 1152, Note_on_c, 2, 52, 112
4, 1340, Note_off_c, 2, 52, 100
4, 1344, Note_on_c, 2, 40, 112
4, 1532, Note_off_c, 2, 40, 100
4, 1536, Note_on_c, 2, 52, 112
4, 1596, Note_off_c, 2, 52, 100
4, 1728, Note_on_c, 2, 50, 112
4, 1916, Note_off_c, 2, 50, 100
4, 1920, Note_on_c, 2, 38, 112
4, 2108, Note_off_c, 2, 38, 100
4, 2112, Note_on_c, 2, 48, 112
4, 2172, Note_off_c, 2, 48, 100
4, 2304, Note_on_c, 2, 47, 112
4, 2492, Note_off_c, 2, 47, 100
4, 2496, Note_on_c, 2, 59, 112
4, 2684, Note_off_c, 2, 59, 100
4, 2688, Note_on_c, 2, 55, 112
4, 2748, Note_off_c, 2, 55, 100
4, 2880, Note_on_c, 2, 60, 112
4, 3068, Note_off_c, 2, 60, 100
4, 3072, Note_on_c, 2, 48, 112
4, 3260, Note_off_c, 2, 48, 100
4, 3264, Note_on_c, 2, 60, 112
4, 3324, Note_off_c, 2, 60, 100
4, 3456, Note_on_c, 2, 59, 112
4, 3520, Note_off_c, 2, 59, 100
4, 3552, Note_on_c, 2, 57, 112
4, 3644, Note_off_c, 2, 57, 100
4, 3648, Note_on_c, 2, 59, 112
4, 3740, Note_off_c, 2, 59, 100
4, 3744, Note_on_c, 2, 60, 112
4, 3836, Note_off_c, 2, 60, 100
4, 3840, Note_on_c, 2, 62, 112
4, 4028, Note_off_c, 2, 62, 100
4, 4032, Note_on_c, 2, 55, 112
4, 4092, Note_off_c, 2, 55, 100
4, 4224, Note_on_c, 2, 43, 112
4, 4316, Note_off_c, 2, 43, 100
4, 4320, Note_on_c, 2, 50, 112
4, 4412, Note_off_c, 2, 50, 100
4, 4416, Note_on_c, 2, 55, 112
4, 4508, Note_off_c, 2, 55, 100
4, 4512, Note_on_c, 2, 57, 112
4, 4576, Note_off_c, 2, 57, 100
4, 4608, Note_on_c, 2, 59, 112
4, 4700, Note_off_c, 2, 59, 100
4, 4704, Note_on_c, 2, 57, 112
4, 4796, Note_off_c, 2, 57, 100
4, 4800, Note_on_c, 2, 59, 112
4, 4892, Note_off_c, 2, 59, 100
4, 4896, Note_on_c, 2, 55, 112
4, 4988, Note_off_c, 2, 55, 100
4, 4992, Note_on_c, 2, 52, 112
4, 5084, Note_off_c, 2, 52, 100
4, 5088, Note_on_c, 2, 55, 112
4, 5152, Note_off_c, 2, 55, 100
4, 5184, Note_on_c, 2, 57, 112
4, 5276, Note_off_c, 2, 57, 100
4, 5280, Note_on_c, 2, 55, 112
4, 5372, Note_off_c, 2, 55, 100
4, 5376, Note_on_c, 2, 57, 112
4, 5468, Note_off_c, 2, 57, 100
4, 5472, Note_on_c, 2, 54, 112
4, 5564, Note_off_c, 2, 54, 100
4, 5568, Note_on_c, 2, 50, 112
4, 5660, Note_off_c, 2, 50, 100
4, 5664, Note_on_c, 2, 54, 112
4, 5728, Note_off_c, 2, 54, 100
4, 5760, Note_on_c, 2, 55, 112
4, 5852, Note_off_c, 2, 55, 100
4, 5856, Note_on_c, 2, 54, 112
4, 5948, Note_off_c, 2, 54, 100
4, 5952, Note_on_c, 2, 55, 112
4, 6044, Note_off_c, 2, 55, 100
4, 6048, Note_on_c, 2, 52, 112
4, 6140, Note_off_c, 2, 52, 100
4, 6144, Note_on_c, 2, 47, 112
4, 6236, Note_off_c, 2, 47, 100
4, 6240, Note_on_c, 2, 52, 112
4, 6304, Note_off_c, 2, 52, 100
4, 6336, Note_on_c, 2, 55, 112
4, 6428, Note_off_c, 2, 55, 100
4, 6432, Note_on_c, 2, 54, 112
4, 6524, Note_off_c, 2, 54, 100
4, 6528, Note_on_c, 2, 55, 112
4, 6620, Note_off_c, 2, 55, 100
4, 6624, Note_on_c, 2, 52, 112
4, 6716, Note_off_c, 2, 52, 100
4, 6720, Note_on_c, 2, 49, 112
4, 6812, Note_off_c, 2, 49, 100
4, 6816, Note_on_c, 2, 52, 112
4, 6880, Note_off_c, 2, 52, 100
4, 6912, Note_on_c, 2, 57, 112
4, 7004, Note_off_c, 2, 57, 100
4, 7008, Note_on_c, 2, 55, 112
4, 7100, Note_off_c, 2, 55, 100
4, 7104, Note_on_c, 2, 57, 112
4, 7196, Note_off_c, 2, 57, 100
4, 7200, Note_on_c, 2, 54, 112
4, 7292, Note_off_c, 2, 54, 100
4, 7296, Note_on_c, 2, 50, 112
4, 7388, Note_off_c, 2, 50, 100
4, 7392, Note_on_c, 2, 54, 112
4, 7456, Note_off_c, 2, 54, 100
4, 7488, Note_on_c, 2, 59, 112
4, 7580, Note_off_c, 2, 59, 100
4, 7584, Note_on_c, 2, 57, 112
4, 7676, Note_off_c, 2, 57, 100
4, 7680, Note_on_c, 2, 59, 112
4, 7772, Note_off_c, 2, 59, 100
4, 7776, Note_on_c, 2, 55, 112
4, 7868, Note_off_c, 2, 55, 100
4, 7872, Note_on_c, 2, 52, 112
4, 7964, Note_off_c, 2, 52, 100
4, 7968, Note_on_c, 2, 55, 112
4, 8032, Note_off_c, 2, 55, 100
4, 8064, Note_on_c, 2, 57, 112
4, 8124, Note_off_c, 2, 57, 100
4, 8256, Note_on_c, 2, 45, 112
4, 8316, Note_off_c, 2, 45, 100
4, 8448, Note_on_c, 2, 57, 112
4, 8508, Note_off_c, 2, 57, 100
4, 8640, Note_on_c, 2, 62, 112
4, 8732, Note_off_c, 2, 62, 100
4, 8736, Note_on_c, 2, 61, 112
4, 8828, Note_off_c, 2, 61, 100
4, 8832, Note_on_c, 2, 62, 112
4, 8924, Note_off_c, 2, 62, 100
4, 8928, Note_on_c, 2, 57, 112
4, 9020, Note_off_c, 2, 57, 100
4, 9024, Note_on_c, 2, 54, 112
4, 9116, Note_off_c, 2, 54, 100
4, 9120, Note_on_c, 2, 50, 112
4, 9184, Note_off_c, 2, 50, 100
4, 9216, Note_on_c, 2, 55, 112
4, 9404, Note_off_c, 2, 55, 100
4, 9408, Note_on_c, 2, 43, 112
4, 9596, Note_off_c, 2, 43, 100
4, 9600, Note_on_c, 2, 55, 112
4, 9660, Note_off_c, 2, 55, 100
4, 9792, Note_on_c, 2, 54, 112
4, 9980, Note_off_c, 2, 54, 100
4, 9984, Note_on_c, 2, 42, 112
4, 10172, Note_off_c, 2, 42, 100
4, 10176, Note_on_c, 2, 54, 112
4, 10236, Note_off_c, 2, 54, 100
4, 10368, Note_on_c, 2, 52, 112
4, 10556, Note_off_c, 2, 52, 100
4, 10560, Note_on_c, 2, 40, 112
4, 10748, Note_off_c, 2, 40, 100
4, 10752, Note_on_c, 2, 52, 112
4, 10812, Note_off_c, 2, 52, 100
4, 10944, Note_on_c, 2, 50, 112
4, 11132, Note_off_c, 2, 50, 100
4, 11136, Note_on_c, 2, 38, 112
4, 11324, Note_off_c, 2, 38, 100
4, 11328, Note_on_c, 2, 48, 112
4, 11388, Note_off_c, 2, 48, 100
4, 11520, Note_on_c, 2, 47, 112
4, 11708, Note_off_c, 2, 47, 100
4, 11712, Note_on_c, 2, 59, 112
4, 11900, Note_off_c, 2, 59, 100
4, 11904, Note_on_c, 2, 55, 112
4, 11964, Note_off_c, 2, 55, 100
4, 12096, Note_on_c, 2, 60, 112
4, 12284, Note_off_c, 2, 60, 100
4, 12288, Note_on_c, 2, 48, 112
4, 12476, Note_off_c, 2, 48, 100
4, 12480, Note_on_c, 2, 60, 112
4, 12540, Note_off_c, 2, 60, 100
4, 12672, Note_on_c, 2, 59, 112
4, 12736, Note_off_c, 2, 59, 100
4, 12768, Note_on_c, 2, 57, 112
4, 12860, Note_off_c, 2, 57, 100
4, 12864, Note_on_c, 2, 59, 112
4, 12956, Note_off_c, 2, 59, 100
4, 12960, Note_on_c, 2, 60, 112
4, 13052, Note_off_c, 2, 60, 100
4, 13056, Note_on_c, 2, 62, 112
4, 13244, Note_off_c, 2, 62, 100
4, 13248, Note_on_c, 2, 55, 112
4, 13308, Note_off_c, 2, 55, 100
4, 13440, Note_on_c, 2, 43, 112
4, 13532, Note_off_c, 2, 43, 100
4, 13536, Note_on_c, 2, 50, 112
4, 13628, Note_off_c, 2, 50, 100
4, 13632, Note_on_c, 2, 55, 112
4, 13724, Note_off_c, 2, 55, 100
4, 13728, Note_on_c, 2, 57, 112
4, 13792, Note_off_c, 2, 57, 100
4, 13824, Note_on_c, 2, 59, 112
4, 13916, Note_off_c, 2, 59, 100
4, 13920, Note_on_c, 2, 57, 112
4, 14012, Note_off_c, 2, 57, 100
4, 14016, Note_on_c, 2, 59, 112
4, 14108, Note_off_c, 2, 59, 100
4, 14112, Note_on_c, 2, 55, 112
4, 14204, Note_off_c, 2, 55, 100
4, 14208, Note_on_c, 2, 52, 112
4, 14300, Note_off_c, 2, 52, 100
4, 14304, Note_on_c, 2, 55, 112
4, 14368, Note_off_c, 2, 55, 100
4, 14400, Note_on_c, 2, 57, 112
4, 14492, Note_off_c, 2, 57, 100
4, 14496, Note_on_c, 2, 55, 112
4, 14588, Note_off_c, 2, 55, 100
4, 14592, Note_on_c, 2, 57, 112
4, 14684, Note_off_c, 2, 57, 100
4, 14688, Note_on_c, 2, 54, 112
4, 14780, Note_off_c, 2, 54, 100
4, 14784, Note_on_c, 2, 50, 112
4, 14876, Note_off_c, 2, 50, 100
4, 14880, Note_on_c, 2, 54, 112
4, 14944, Note_off_c, 2, 54, 100
4, 14976, Note_on_c, 2, 55, 112
4, 15068, Note_off_c, 2, 55, 100
4, 15072, Note_on_c, 2, 54, 112
4, 15164, Note_off_c, 2, 54, 100
4, 15168, Note_on_c, 2, 55, 112
4, 15260, Note_off_c, 2, 55, 100
4, 15264, Note_on_c, 2, 52, 112
4, 15356, Note_off_c, 2, 52, 100
4, 15360, Note_on_c, 2, 47, 112
4, 15452, Note_off_c, 2, 47, 100
4, 15456, Note_on_c, 2, 52, 112
4, 15520, Note_off_c, 2, 52, 100
4, 15552, Note_on_c, 2, 55, 112
4, 15644, Note_off_c, 2, 55, 100
4, 15648, Note_on_c, 2, 54, 112
4, 15740, Note_off_c, 2, 54, 100
4, 15744, Note_on_c, 2, 55, 112
4, 15836, Note_off_c, 2, 55, 100
4, 15840, Note_on_c, 2, 52, 112
4, 15932, Note_off_c, 2, 52, 100
4, 15936, Note_on_c, 2, 49, 112
4, 16028, Note_off_c, 2, 49, 100
4, 16032, Note_on_c, 2, 52, 112
4, 16096, Note_off_c, 2, 52, 100
4, 16128, Note_on_c, 2, 57, 112
4, 16220, Note_off_c, 2, 57, 100
4, 16224, Note_on_c, 2, 55, 112
4, 16316, Note_off_c, 2, 55, 100
4, 16320, Note_on_c, 2, 57, 112
4, 16412, Note_off_c, 2, 57, 100
4, 16416, Note_on_c, 2, 54, 112
4, 16508, Note_off_c, 2, 54, 100
4, 16512, Note_on_c, 2, 50, 112
4, 16604, Note_off_c, 2, 50, 100
4, 16608, Note_on_c, 2, 54, 112
4, 16672, Note_off_c, 2, 54, 100
4, 16704, Note_on_c, 2, 59, 112
4, 16796, Note_off_c, 2, 59, 100
4, 16800, Note_on_c, 2, 57, 112
4, 16892, Note_off_c, 2, 57, 100
4, 16896, Note_on_c, 2, 59, 112
4, 16988, Note_off_c, 2, 59, 100
4, 16992, Note_on_c, 2, 55, 112
4, 17084, Note_off_c, 2, 55, 100
4, 17088, Note_on_c, 2, 52, 112
4, 17180, Note_off_c, 2, 52, 100
4, 17184, Note_on_c, 2, 55, 112
4, 17248, Note_off_c, 2, 55, 100
4, 17280, Note_on_c, 2, 57, 112
4, 17340, Note_off_c, 2, 57, 100
4, 17472, Note_on_c, 2, 45, 112
4, 17532, Note_off_c, 2, 45, 100
4, 17664, Note_on_c, 2, 57, 112
4, 17724, Note_off_c, 2, 57, 100
4, 17856, Note_on_c, 2, 62, 112
4, 17948, Note_off_c, 2, 62, 100
4, 17952, Note_on_c, 2, 61, 112
4, 18044, Note_off_c, 2, 61, 100
4, 18048, Note_on_c, 2, 62, 112
4, 18140, Note_off_c, 2, 62, 100
4, 18144, Note_on_c, 2, 57, 112
4, 18236, Note_off_c, 2, 57, 100
4, 18240, Note_on_c, 2, 54, 112
4, 18332, Note_off_c, 2, 54, 100
4, 18336, Note_on_c, 2, 50, 112
4, 18400, Note_off_c, 2, 50, 100
4, 18432, Note_on_c, 2, 62, 112
4, 18620, Note_off_c, 2, 62, 100
4, 18624, Note_on_c, 2, 50, 112
4, 18812, Note_off_c, 2, 50, 100
4, 18816, Note_on_c, 2, 60, 112
4, 18876, Note_off_c, 2, 60, 100
4, 19008, Note_on_c, 2, 59, 112
4, 19196, Note_off_c, 2, 59, 100
4, 19200, Note_on_c, 2, 55, 112
4, 19388, Note_off_c, 2, 55, 100
4, 19392, Note_on_c, 2, 59, 112
4, 19452, Note_off_c, 2, 59, 100
4, 19584, Note_on_c, 2, 60, 112
4, 19772, Note_off_c, 2, 60, 100
4, 19776, Note_on_c, 2, 59, 112
4, 19964, Note_off_c, 2, 59, 100
4, 19968, Note_on_c, 2, 57, 112
4, 20156, Note_off_c, 2, 57, 100
4, 20160, Note_on_c, 2, 59, 112
4, 20220, Note_off_c, 2, 59, 100
4, 20352, Note_on_c, 2, 57, 112
4, 20444, Note_off_c, 2, 57, 100
4, 20448, Note_on_c, 2, 55, 112
4, 20512, Note_off_c, 2, 55, 100
4, 20544, Note_on_c, 2, 57, 112
4, 20636, Note_off_c, 2, 57, 100
4, 20640, Note_on_c, 2, 54, 112
4, 20704, Note_off_c, 2, 54, 100
4, 20736, Note_on_c, 2, 55, 112
4, 20924, Note_off_c, 2, 55, 100
4, 20928, Note_on_c, 2, 52, 112
4, 21116, Note_off_c, 2, 52, 100
4, 21120, Note_on_c, 2, 55, 112
4, 21180, Note_off_c, 2, 55, 100
4, 21312, Note_on_c, 2, 57, 112
4, 21500, Note_off_c, 2, 57, 100
4, 21504, Note_on_c, 2, 45, 112
4, 21692, Note_off_c, 2, 45, 100
4, 21696, Note_on_c, 2, 57, 112
4, 21756, Note_off_c, 2, 57, 100
4, 21888, Note_on_c, 2, 55, 112
4, 21980, Note_off_c, 2, 55, 100
4, 21984, Note_on_c, 2, 54, 112
4, 22076, Note_off_c, 2, 54, 100
4, 22080, Note_on_c, 2, 55, 112
4, 22172, Note_off_c, 2, 55, 100
4, 22176, Note_on_c, 2, 57, 112
4, 22268, Note_off_c, 2, 57, 100
4, 22272, Note_on_c, 2, 59, 112
4, 22332, Note_off_c, 2, 59, 100
4, 22464, Note_on_c, 2, 52, 112
4, 22652, Note_off_c, 2, 52, 100
4, 22656, Note_on_c, 2, 64, 112
4, 22844, Note_off_c, 2, 64, 100
4, 22848, Note_on_c, 2, 62, 112
4, 22908, Note_off_c, 2, 62, 100
4, 23040, Note_on_c, 2, 60, 112
4, 23132, Note_off_c, 2, 60, 100
4, 23136, Note_on_c, 2, 59, 112
4, 23228, Note_off_c, 2, 59, 100
4, 23232, Note_on_c, 2, 60, 112
4, 23324, Note_off_c, 2, 60, 100
4, 23328, Note_on_c, 2, 57, 112
4, 23420, Note_off_c, 2, 57, 100
4, 23424, Note_on_c, 2, 54, 112
4, 23516, Note_off_c, 2, 54, 100
4, 23520, Note_on_c, 2, 57, 112
4, 23584, Note_off_c, 2, 57, 100
4, 23616, Note_on_c, 2, 59, 112
4, 23708, Note_off_c, 2, 59, 100
4, 23712, Note_on_c, 2, 57, 112
4, 23804, Note_off_c, 2, 57, 100
4, 23808, Note_on_c, 2, 59, 112
4, 23900, Note_off_c, 2, 59, 100
4, 23904, Note_on_c, 2, 55, 112
4, 23996, Note_off_c, 2, 55, 100
4, 24000, Note_on_c, 2, 52, 112
4, 24092, Note_off_c, 2, 52, 100
4, 24096, Note_on_c, 2, 55, 112
4, 24160, Note_off_c, 2, 55, 100
4, 24192, Note_on_c, 2, 57, 112
4, 24284, Note_off_c, 2, 57, 100
4, 24288, Note_on_c, 2, 55, 112
4, 24380, Note_off_c, 2, 55, 100
4, 24384, Note_on_c, 2, 57, 112
4, 24476, Note_off_c, 2, 57, 100
4, 24480, Note_on_c, 2, 60, 112
4, 24572, Note_off_c, 2, 60, 100
4, 24576, Note_on_c, 2, 52, 112
4, 24668, Note_off_c, 2, 52, 100
4, 24672, Note_on_c, 2, 55, 112
4, 24736, Note_off_c, 2, 55, 100
4, 24768, Note_on_c, 2, 54, 112
4, 24860, Note_off_c, 2, 54, 100
4, 24864, Note_on_c, 2, 52, 112
4, 24956, Note_off_c, 2, 52, 100
4, 24960, Note_on_c, 2, 54, 112
4, 25052, Note_off_c, 2, 54, 100
4, 25056, Note_on_c, 2, 57, 112
4, 25148, Note_off_c, 2, 57, 100
4, 25152, Note_on_c, 2, 50, 112
4, 25244, Note_off_c, 2, 50, 100
4, 25248, Note_on_c, 2, 54, 112
4, 25312, Note_off_c, 2, 54, 100
4, 25344, Note_on_c, 2, 47, 112
4, 25532, Note_off_c, 2, 47, 100
4, 25536, Note_on_c, 2, 43, 112
4, 25724, Note_off_c, 2, 43, 100
4, 25728, Note_on_c, 2, 47, 112
4, 25788, Note_off_c, 2, 47, 100
4, 25920, Note_on_c, 2, 48, 112
4, 26108, Note_off_c, 2, 48, 100
4, 26112, Note_on_c, 2, 45, 112
4, 26300, Note_off_c, 2, 45, 100
4, 26304, Note_on_c, 2, 48, 112
4, 26364, Note_off_c, 2, 48, 100
4, 26496, Note_on_c, 2, 50, 112
4, 26684, Note_off_c, 2, 50, 100
4, 26688, Note_on_c, 2, 48, 112
4, 26876, Note_off_c, 2, 48, 100
4, 26880, Note_on_c, 2, 50, 112
4, 26940, Note_off_c, 2, 50, 100
4, 27072, Note_on_c, 2, 55, 112
4, 27616, Note_off_c, 2, 55, 100
4, 27648, Note_on_c, 2, 62, 112
4, 27836, Note_off_c, 2, 62, 100
4, 27840, Note_on_c, 2, 50, 112
4, 28028, Note_off_c, 2, 50, 100
4, 28032, Note_on_c, 2, 60, 112
4, 28092, Note_off_c, 2, 60, 100
4, 28224, Note_on_c, 2, 59, 112
4, 28412, Note_off_c, 2, 59, 100
4, 28416, Note_on_c, 2, 55, 112
4, 28604, Note_off_c, 2, 55, 100
4, 28608, Note_on_c, 2, 59, 112
4, 28668, Note_off_c, 2, 59, 100
4, 28800, Note_on_c, 2, 60, 112
4, 28988, Note_off_c, 2, 60, 100
4, 28992, Note_on_c, 2, 59, 112
4, 29180, Note_off_c, 2, 59, 100
4, 29184, Note_on_c, 2, 57, 112
4, 29372, Note_off_c, 2, 57, 100
4, 29376, Note_on_c, 2, 59, 112
4, 29436, Note_off_c, 2, 59, 100
4, 29568, Note_on_c, 2, 57, 112
4, 29660, Note_off_c, 2, 57, 100
4, 29664, Note_on_c, 2, 55, 112
4, 29728, Note_off_c, 2, 55, 100
4, 29760, Note_on_c, 2, 57, 112
4, 29852, Note_off_c, 2, 57, 100
4, 29856, Note_on_c, 2, 54, 112
4, 29920, Note_off_c, 2, 54, 100
4, 29952, Note_on_c, 2, 55, 112
4, 30140, Note_off_c, 2, 55, 100
4, 30144, Note_on_c, 2, 52, 112
4, 30332, Note_off_c, 2, 52, 100
4, 30336, Note_on_c, 2, 55, 112
4, 30396, Note_off_c, 2, 55, 100
4, 30528, Note_on_c, 2, 57, 112
4, 30716, Note_off_c, 2, 57, 100
4, 30720, Note_on_c, 2, 45, 112
4, 30908, Note_off_c, 2, 45, 100
4, 30912, Note_on_c, 2, 57, 112
4, 30972, Note_off_c, 2, 57, 100
4, 31104, Note_on_c, 2, 55, 112
4, 31196, Note_off_c, 2, 55, 100
4, 31200, Note_on_c, 2, 54, 112
4, 31292, Note_off_c, 2, 54, 100
4, 31296, Note_on_c, 2, 55, 112
4, 31388, Note_off_c, 2, 55, 100
4, 31392, Note_on_c, 2, 57, 112
4, 31484, Note_off_c, 2, 57, 100
4, 31488, Note_on_c, 2, 59, 112
4, 31548, Note_off_c, 2, 59, 100
4, 31680, Note_on_c, 2, 52, 112
4, 31868, Note_off_c, 2, 52, 100
4, 31872, Note_on_c, 2, 64, 112
4, 32060, Note_off_c, 2, 64, 100
4, 32064, Note_on_c, 2, 62, 112
4, 32124, Note_off_c, 2, 62, 100
4, 32256, Note_on_c, 2, 60, 112
4, 32348, Note_off_c, 2, 60, 100
4, 32352, Note_on_c, 2, 59, 112
4, 32444, Note_off_c, 2, 59, 100
4, 32448, Note_on_c, 2, 60, 112
4, 32540, Note_off_c, 2, 60, 100
4, 32544, Note_on_c, 2, 57, 112
4, 32636, Note_off_c, 2, 57, 100
4, 32640, Note_on_c, 2, 54, 112
4, 32732, Note_off_c, 2, 54, 100
4, 32736, Note_on_c, 2, 57, 112
4, 32800, Note_off_c, 2, 57, 100
4, 32832, Note_on_c, 2, 59, 112
4, 32924, Note_off_c, 2, 59, 100
4, 32928, Note_on_c, 2, 57, 112
4, 33020, Note_off_c, 2, 57, 100
4, 33024, Note_on_c, 2, 59, 112
4, 33116, Note_off_c, 2, 59, 100
4, 33120, Note_on_c, 2, 55, 112
4, 33212, Note_off_c, 2, 55, 100
4, 33216, Note_on_c, 2, 52, 112
4, 33308, Note_off_c, 2, 52, 100
4, 33312, Note_on_c, 2, 55, 112
4, 33376, Note_off_c, 2, 55, 100
4, 33408, Note_on_c, 2, 57, 112
4, 33500, Note_off_c, 2, 57, 100
4, 33504, Note_on_c, 2, 55, 112
4, 33596, Note_off_c, 2, 55, 100
4, 33600, Note_on_c, 2, 57, 112
4, 33692, Note_off_c, 2, 57, 100
4, 33696, Note_on_c, 2, 60, 112
4, 33788, Note_off_c, 2, 60, 100
4, 33792, Note_on_c, 2, 52, 112
4, 33884, Note_off_c, 2, 52, 100
4, 33888, Note_on_c, 2, 55, 112
4, 33952, Note_off_c, 2, 55, 100
4, 33984, Note_on_c, 2, 54, 112
4, 34076, Note_off_c, 2, 54, 100
4, 34080, Note_on_c, 2, 52, 112
4, 34172, Note_off_c, 2, 52, 100
4, 34176, Note_on_c, 2, 54, 112
4, 34268, Note_off_c, 2, 54, 100
4, 34272, Note_on_c, 2, 57, 112
4, 34364, Note_off_c, 2, 57, 100
4, 34368, Note_on_c, 2, 50, 112
4, 34460, Note_off_c, 2, 50, 100
4, 34464, Note_on_c, 2, 54, 112
4, 34528, Note_off_c, 2, 54, 100
4, 34560, Note_on_c, 2, 47, 112
4, 34748, Note_off_c, 2, 47, 100
4, 34752, Note_on_c, 2, 43, 112
4, 34940, Note_off_c, 2, 43, 100
4, 34944, Note_on_c, 2, 47, 112
4, 35004, Note_off_c, 2, 47, 100
4, 35136, Note_on_c, 2, 48, 112
4, 35324, Note_off_c, 2, 48, 100
4, 35328, Note_on_c, 2, 45, 112
4, 35516, Note_off_c, 2, 45, 100
4, 35520, Note_on_c, 2, 48, 112
4, 35580, Note_off_c, 2, 48, 100
4, 35712, Note_on_c, 2, 50, 112
4, 35900, Note_off_c, 2, 50, 100
4, 35904, Note_on_c, 2, 48, 112
4, 36092, Note_off_c, 2, 48, 100
4, 36096, Note_on_c, 2, 50, 112
4, 36156, Note_off_c, 2, 50, 100
4, 36288, Note_on_c, 2, 55, 112
4, 36768, Note_on_c, 2, 55, 1
4, 36808, Note_off_c, 2, 55, 100
4, 37020, Note_off_c, 2, 55, 64
4, 37020, End_track
5, 0, Start_track
5, 0, Title_t, "Var.XIX: Piacevolmente"
5, 0, Control_c, 2, 0, 0
5, 0, Program_c, 2, 6
5, 0, Control_c, 2, 7, 127
5, 0, Key_signature, 1, "major"
5, 0, End_track
6, 0, Start_track
6, 0, Title_t, "Bruno de Giusti"
6, 0, Control_c, 2, 0, 0
6, 0, Program_c, 2, 6
6, 0, Control_c, 2, 7, 127
6, 0, Key_signature, 1, "major"
6, 0, End_track
7, 0, Start_track
7, 0, Title_t, "bdg@bruno-de-giusti.net"
7, 0, Control_c, 2, 0, 0
7, 0, Program_c, 2, 6
7, 0, Control_c, 2, 7, 127
7, 0, Key_signature, 1, "major"
7, 0, End_track
8, 0, Start_track
8, 0, Title_t, "www.bruno-de-giusti.net"
8, 0, Control_c, 2, 0, 0
8, 0, Program_c, 2, 6
8, 0, Control_c, 2, 7, 127
8, 0, Key_signature, 1, "major"
8, 0, End_track
9, 0, Start_track
9, 0, Title_t, "All rights reserved"
9, 0, Control_c, 2, 0, 0
9, 0, Program_c, 2, 6
9, 0, Control_c, 2, 7, 127
9, 0, Key_signature, 1, "major"
9, 0, End_track
10, 0, Start_track
10, 1, Copyright_t, "___________________________________________________\012\012KUNSTDERFUGE.COM LARGE CLASSICAL MIDI COLLECTION\012ONCLASSICAL BY ALESSANDRO SIMONETTO, PROPRIETOR\012___________________________________________________\012\012! Attention: this file is under copyright !\012\012(c)onclassical, (c)degiusti, 2010\012___________________________________________________\012\012NO ONE MAY REPUBLISH THIS FILE WITHOUT PERMISSION\012COMMERCIAL USES OF THIS FILE IS STRICTLY PROHIBITED\012___________________________________________________\012\012Files & contributor's list: http://kunstderfuge.com/\012Terms and conditions: http://kunstderfuge.com/notes.htm"
10, 1, End_track
0, 0, End_of_file